Date,Guohu,Brokerage,Stamp
2016/10/17,0,5,0
2016/10/27,0,5,0
2016/11/1,0,5,3.5
2016/11/1,0.82,12.71,0
2016/11/2,0.83,12.91,41.64
2016/11/2,0.63,9.76,0
2016/11/2,0.79,12.29,0
2016/11/2,0,11.41,0
2016/11/3,0.8,7.99,39.97
2016/11/3,0.63,6.32,31.59
2016/11/4,0,8.35,41.77
2016/11/5,0,5,0
2016/11/7,0,5,5.88
2016/11/7,0,5.9,0
2016/11/7,0.83,8.33,0
2016/11/8,0.42,5,20.9
2016/11/8,0.42,5,20.88
2016/11/8,0,5.9,29.48
2016/11/10,0.86,8.62,0
2016/11/14,0.63,6.29,0
2016/11/14,0,7.77,0
2016/11/14,0.88,8.83,0
2016/11/14,0.76,7.56,0
2016/11/14,0,9.16,0
2016/11/14,0.82,8.22,0
2016/11/14,0,5,0
2016/11/14,0.68,6.77,0
2016/11/14,0,6.89,0
2016/11/14,0,7,0
2016/11/14,0,7.71,0
2016/11/15,0,5.29,0
2016/11/15,0,5.19,0
2016/11/15,0,5.38,0
2016/11/15,0.58,5.8,0
2016/11/15,0.44,5,0
2016/11/15,0.8,7.99,39.96
2016/11/15,0.53,5.32,0
2016/11/15,0.65,6.51,0
2016/11/15,0.65,6.46,0
2016/11/15,0,7.12,35.58
2016/11/15,1.04,10.43,0
2016/11/15,0.5,5.01,0
2016/11/15,0,5,23.95
2016/11/15,0.68,6.8,33.99
2016/11/16,0,7.04,35.18
2016/11/16,0,5.39,26.93
2016/11/16,0.7,6.99,0
2016/11/16,0.22,5,11.04
2016/11/16,0,7.82,39.08
2016/11/16,0.29,5,14.61
2016/11/16,0.32,5,0
2016/11/16,0,7.8,38.99
2016/11/16,0.22,5,11.03
2016/11/16,0,5.24,26.18
2016/11/16,0,5,0
2016/11/16,0.29,5,0
2016/11/16,0.32,5,0
2016/11/16,0.28,5,0
2016/11/16,0,6.05,0
2016/11/16,0,5,0
2016/11/16,0.25,5,0
2016/11/16,0.66,6.62,33.09
2016/11/16,0.54,5.35,26.76
2016/11/16,0.29,5,14.47
2016/11/16,0.65,6.48,32.38
2016/11/17,0.15,5,7.56
2016/11/17,0.34,5,16.8
2016/11/17,0,5,0
2016/11/17,0,5,15.62
2016/11/17,0,5,0
2016/11/17,0.31,5,0
2016/11/17,0,5,0
2016/11/17,0.38,5,0
2016/11/17,0,5,0
2016/11/17,0.39,5,0
2016/11/17,0.43,5,0
2016/11/17,0,5,0
2016/11/17,0.31,5,0
2016/11/17,0,5,0
2016/11/17,0,5,0
2016/11/17,0,5,0
2016/11/17,0.27,5,0
2016/11/17,0,5,10.14
2016/11/17,0.21,5,0
2016/11/17,0,5,10.14
2016/11/17,0,5,10.14
2016/11/17,0,5.4,26.98
2016/11/17,0.25,5,12.5
2016/11/17,0.15,5,7.47
2016/11/17,0.38,5,18.98
2016/11/17,0.45,5,0
2016/11/17,0,5,0
2016/11/18,0.32,5,16
2016/11/18,0.25,5,0
2016/11/18,0.24,5,0
2016/11/18,0.33,5,16.43
2016/11/18,0,5,20.29
2016/11/18,0,5,17.06
2016/11/18,0,40.63,0
2016/11/18,0.43,5,21.68
2016/11/18,0,5,23.42
2016/11/18,0,5,24.27
2016/11/18,0.27,5,13.46
2016/11/18,0.49,5,24.38
2016/11/18,0.37,5,18.67
2016/11/18,0.3,5,15.13
2016/11/18,0.75,7.51,37.56
2016/11/18,0,8.58,42.9
2016/11/18,0,5,18.06
2016/11/18,0.44,5,22.2
2016/11/18,1.25,12.46,62.3
2016/11/18,0.26,5,13.24
2016/11/18,0.31,5,15.48
2016/11/18,0.38,5,18.97
2016/11/18,0,5,22.91
2016/11/18,0,5,11.37
2016/11/21,0,10.87,54.35
2016/11/21,0,10.83,54.13
2016/11/21,0.84,8.41,42.05
2016/11/21,0,7.47,37.35
2016/11/21,0,7.47,37.36
2016/11/21,0,8.17,40.85
2016/11/21,0.25,5,12.56
2016/11/21,0.25,5,12.68
2016/11/21,0,7.8,39.01
2016/11/21,0,5.3,0
2016/11/21,0.6,6.04,0
2016/11/21,0.91,9.05,0
2016/11/21,0,5,0
2016/11/21,0,5,0
2016/11/21,0,6.67,0
2016/11/21,0,5.31,0
2016/11/21,0,7,0
2016/11/22,0,5.45,27.24
2016/11/22,0,5,22.85
2016/11/22,0.61,6.08,30.41
2016/11/22,0,6.72,33.59
2016/11/22,0,7.09,35.45
2016/11/22,0.79,7.91,39.56
2016/11/22,0.91,9.08,45.4
2016/11/22,0.62,6.19,30.93
2016/11/22,0,5.33,26.64
2016/11/22,0.56,5.56,0
2016/11/22,0,6.17,0
2016/11/22,0,6.84,0
2016/11/22,0,6.98,0
2016/11/22,0,6.76,0
2016/11/22,0,6.76,0
2016/11/22,0.46,5,0
2016/11/22,0,5,0
2016/11/22,0.46,5,0
2016/11/22,0.69,6.93,0
2016/11/23,0,7,35
2016/11/23,0,5,23.94
2016/11/23,0.56,5.57,27.87
2016/11/23,0.79,7.88,39.42
2016/11/23,0.84,8.35,41.76
2016/11/23,0,9.82,49.1
2016/11/23,0,6.21,31.05
2016/11/23,0,5,12.33
2016/11/23,0,10.73,53.63
2016/11/23,0,5,12.35
2016/11/23,0,5,0
2016/11/23,0.58,5.77,0
2016/11/23,0.57,5.66,0
2016/11/23,0,7.28,0
2016/11/23,0,6.24,0
2016/11/23,0,5,0
2016/11/23,0.57,5.71,0
2016/11/23,0,5.45,0
2016/11/23,0.61,6.13,0
2016/11/23,0.31,5,0
2016/11/23,0,5.15,0
2016/11/23,0.6,6.04,0
2016/11/23,0.57,5.67,0
2016/11/23,0.56,5.65,0
2016/11/24,0,5,22.99
2016/11/24,0.55,5.47,0
2016/11/24,0,5,21.12
2016/11/24,0,6.13,0
2016/11/24,0,5.1,0
2016/11/24,0.56,5.56,0
2016/11/24,0.54,5.43,0
2016/11/24,0.56,5.56,0
2016/11/24,0.98,9.8,0
2016/11/24,0.76,7.65,38.23
2016/11/24,0.77,7.66,38.28
2016/11/24,0.54,5.4,26.99
2016/11/24,2.18,21.82,109.08
2016/11/24,0,5.11,25.54
2016/11/25,0,12.69,63.46
2016/11/25,1.09,10.88,54.38
2016/11/25,1.08,10.85,54.23
2016/11/25,0,12.28,61.41
2016/11/25,0,5,24.97
2016/11/25,0.98,9.76,48.81
2016/11/25,0,5.14,0
2016/11/25,0,7.71,0
2016/11/25,0,6.95,0
2016/11/28,0,7,34.99
2016/11/28,0,13.6,68
2016/11/28,0.82,8.24,0
2016/11/28,0.62,6.22,0
2016/11/28,0,8.03,0
2016/11/28,1.02,10.21,0
2016/11/28,0,6.31,0
2016/11/28,0.68,6.76,0
2016/11/28,0,5.97,0
2016/11/28,0.74,7.37,0
2016/11/28,0.74,7.38,0
2016/11/28,0.37,5,0
2016/11/29,0,5,0
2016/11/29,0,5,0
2016/11/29,0,5,0
2016/11/29,0.41,5,0
2016/11/29,0,8.12,40.62
2016/11/29,1.4,14.04,70.2
2016/11/29,0,5,0
2016/11/29,0,5,0
2016/11/29,0,5,0
2016/11/29,1.45,14.47,72.36
2016/11/29,0,6.81,0
2016/11/29,0.74,7.44,0
2016/11/29,0.4,5,0
2016/11/29,0.4,5,0
2016/11/29,0.4,5,0
2016/11/29,0,5.08,0
2016/11/30,0.75,7.5,37.52
2016/11/30,0.63,6.27,31.35
2016/11/30,0,5,17.79
2016/11/30,1.7,17.04,85.2
2016/11/30,0,11.96,59.82
2016/11/30,0,7.4,0
2016/11/30,0.81,8.12,40.6
2016/11/30,0,5,0
2016/11/30,0.58,5.78,0
2016/11/30,0.65,6.48,0
2016/11/30,0,6.01,30.03
2016/11/30,0.41,5,20.38
2016/11/30,0.41,5,20.4
2016/11/30,0,7.07,0
2016/11/30,0,8.43,0
2016/11/30,0,5,0
2016/11/30,0,5,17.46
2016/11/30,0,18.29,91.44
2016/12/1,0,13.37,66.85
2016/12/1,0,7.64,38.22
2016/12/1,0.57,5.69,28.47
2016/12/1,0,5,17.58
2016/12/1,0,7.08,35.42
2016/12/1,0.22,5,0
2016/12/1,0.28,5,0
2016/12/1,0.63,6.34,31.72
2016/12/2,1.46,14.6,0
2016/12/2,0.5,5.01,25.04
2016/12/2,0,59.05,0
2016/12/5,1.1,10.97,0
2016/12/5,0,8.33,0
2016/12/5,0.73,7.25,0
2016/12/5,0,12.56,0
2016/12/5,1.1,10.99,0
2016/12/5,0,6.41,0
2016/12/5,0,5.77,0
2016/12/5,0,7.42,0
2016/12/5,0,11.36,0
2016/12/5,0,5,0
2016/12/5,0,11.4,0
2016/12/5,0,8.32,0
2016/12/5,0,13.07,0
2016/12/6,0,8.94,0
2016/12/6,0,13.42,67.09
2016/12/7,0.38,5,0
2016/12/7,0,5,0
2016/12/7,0,5.86,29.32
2016/12/7,2.22,22.19,110.94
2016/12/7,0,7.36,36.8
2016/12/7,2.16,21.6,108
2016/12/7,0,8.82,44.12
2016/12/7,0,18.54,92.69
2016/12/7,0,19.7,98.5
2016/12/7,0,10.39,51.97
2016/12/7,0,19.69,98.46
2016/12/7,0,10.79,53.97
2016/12/7,0,10.81,54.05
2016/12/7,0,6.19,30.96
2016/12/7,0,23.02,115.12
2016/12/8,0.38,5,19.23
2016/12/8,0,5,22.49
2016/12/9,0.8,7.99,0
2016/12/9,0.8,7.97,0
2016/12/9,0.8,7.99,0
2016/12/9,0.9,8.99,0
2016/12/9,0.92,9.23,0
2016/12/9,0.8,8,0
2016/12/9,0.79,7.92,0
2016/12/9,0.74,7.38,0
2016/12/9,0,5.9,0
2016/12/9,0,5.89,0
2016/12/9,0.36,5,0
2016/12/9,0,7.99,0
2016/12/12,1.27,12.74,63.7
2016/12/12,0.88,8.84,44.19
2016/12/12,2.04,20.35,101.75
2016/12/12,0,11.72,58.62
2016/12/12,0,7.79,38.96
2016/12/12,0.88,8.76,43.79
2016/12/12,1.34,13.45,0
2016/12/12,0.67,6.7,0
2016/12/12,0,7.36,0
2016/12/12,0.67,6.71,0
2016/12/12,0.67,6.69,0
2016/12/12,0,7.25,0
2016/12/12,0.74,7.38,0
2016/12/12,0.74,7.38,0
2016/12/12,0.69,6.88,0
2016/12/12,2.13,21.28,106.4
2016/12/13,0,9.85,0
2016/12/13,0.61,6.15,0
2016/12/13,0.59,5.89,0
2016/12/13,0.65,6.54,0
2016/12/13,0,8.78,0
2016/12/13,0,9.93,0
2016/12/13,0,8.78,0
2016/12/13,0,8.79,0
2016/12/13,0,9.95,0
2016/12/13,0,10.01,0
2016/12/13,0.61,6.11,0
2016/12/13,0,10.01,0
2016/12/13,0,10.03,0
2016/12/13,0,9.95,0
2016/12/13,0,9.95,0
2016/12/13,0.62,6.19,0
2016/12/13,0.62,6.25,0
2016/12/13,0,6.02,0
2016/12/13,1.47,14.74,0
2016/12/13,1.32,13.16,0
2016/12/13,1.47,14.72,0
2016/12/13,0,9.85,0
2016/12/13,0,10.04,0
2016/12/13,0.68,6.83,34.14
2016/12/13,0,14.08,70.38
2016/12/13,3.33,33.31,166.54
2016/12/13,1.47,14.68,73.4
2016/12/14,3.52,35.16,175.82
2016/12/14,0,26.25,131.27
2016/12/14,0,20.98,104.92
2016/12/14,0,10.54,52.69
2016/12/14,1.28,12.8,63.99
2016/12/14,0,14.86,74.3
2016/12/14,0,17.9,89.52
2016/12/14,0.64,6.39,31.95
2016/12/14,0,8.96,44.8
2016/12/14,0,5.73,28.66
2016/12/14,0,15.6,77.99
2016/12/14,0.63,6.34,31.68
2016/12/14,0,5,23.51
2016/12/14,0,9.16,45.78
2016/12/15,0.97,9.67,0
2016/12/15,0.82,8.24,0
2016/12/15,0.81,8.1,0
2016/12/15,1.32,13.2,0
2016/12/15,0.81,8.11,0
2016/12/15,0.82,8.24,0
2016/12/15,0.97,9.72,0
2016/12/15,0.81,8.12,0
2016/12/15,0.97,9.73,0
2016/12/15,0.82,8.17,0
2016/12/15,0.82,8.18,0
2016/12/15,0.83,8.34,0
2016/12/15,2.48,24.78,0
2016/12/15,0.81,8.12,0
2016/12/15,0,10.21,0
2016/12/15,0,8.67,0
2016/12/15,0,9.44,0
2016/12/15,0,8.7,0
2016/12/15,0,9.45,0
2016/12/15,0,10.32,0
2016/12/15,1.31,13.13,0
2016/12/16,0,9.51,47.56
2016/12/16,2.39,23.9,119.52
2016/12/16,2,19.95,99.75
2016/12/16,1.79,17.9,89.51
2016/12/16,0.99,9.9,0
2016/12/16,0.99,9.94,0
2016/12/16,0,21.1,105.48
2016/12/16,0,9.54,47.72
2016/12/16,0,17.95,89.76
2016/12/16,0.85,8.47,0
2016/12/16,0.85,8.5,0
2016/12/16,0,11.93,0
2016/12/16,0,11.94,0
2016/12/16,1.07,10.67,0
2016/12/16,0,10.24,0
2016/12/16,0,12.02,0
2016/12/16,1.19,11.93,59.67
2016/12/16,0,11.69,0
2016/12/16,1.8,17.98,89.91
2016/12/16,1.99,19.85,99.25
2016/12/16,1.19,11.92,59.58
2016/12/19,0,8.4,0
2016/12/19,0.92,9.16,0
2016/12/19,0.92,9.18,0
2016/12/19,0,8.8,0
2016/12/19,0.65,6.5,0
2016/12/19,0,8.81,0
2016/12/19,0,8.82,0
2016/12/19,0,11.55,57.76
2016/12/19,0,23.72,118.59
2016/12/19,1.7,17,85
2016/12/19,2.03,20.3,101.5
2016/12/19,0,12.08,60.4
2016/12/19,1.06,10.63,53.15
2016/12/19,0,5,0
2016/12/19,0,5.31,0
2016/12/19,0,10.21,51.03
2016/12/20,0.65,6.52,0
2016/12/20,0.65,6.52,0
2016/12/20,0.91,9.14,0
2016/12/20,0,9.42,0
2016/12/20,0,9.43,0
2016/12/20,0,9.74,0
2016/12/20,0,6.49,0
2016/12/20,0,6.49,0
2016/12/20,0,8.44,0
2016/12/20,0,9.74,0
2016/12/20,0,8.16,0
2016/12/20,0,8.17,0
2016/12/20,0,7.03,0
2016/12/20,0,13.1,0
2016/12/20,0,6.52,0
2016/12/20,0.65,6.46,0
2016/12/20,0.65,6.46,0
2016/12/20,0,6.2,0
2016/12/20,0.67,6.67,33.36
2016/12/21,1.76,17.63,88.16
2016/12/21,0,6.85,34.25
2016/12/21,3.25,32.5,162.5
2016/12/21,0.9,8.98,44.92
2016/12/21,0,22.85,114.24
2016/12/21,0,12.98,64.92
2016/12/21,0,12.75,63.75
2016/12/21,1.95,19.5,97.51
2016/12/21,1.96,19.58,97.88
2016/12/21,0,13.12,65.61
2016/12/21,0,22.85,114.24
2016/12/21,0,5.33,26.64
2016/12/21,0,12.3,61.5
2016/12/21,0,7.26,36.3
2016/12/21,0,6.27,31.37
2016/12/21,0,5,19.77
2016/12/21,0,12.32,61.58
2016/12/21,0,5,17.66
2016/12/21,0,5,18.86
2016/12/21,0,6.49,32.45
2016/12/23,0,8.88,0
2016/12/23,0,6.44,0
2016/12/23,0.57,5.72,0
2016/12/23,0,5.86,0
2016/12/23,0.44,5,0
2016/12/23,0,5,0
2016/12/23,0.31,5,0
2016/12/23,0,5,0
2016/12/23,0.49,5,0
2016/12/23,0,5.55,0
2016/12/23,0.32,5,0
2016/12/23,0.32,5,0
2016/12/23,0,5,0
2016/12/23,0,5,0
2016/12/23,0.24,5,0
2016/12/23,0,5,0
2016/12/26,0.41,5,20.7
2016/12/26,0,5.43,27.14
2016/12/26,0.29,5,14.7
2016/12/26,0,9.09,45.44
2016/12/26,0,5,3.22
2016/12/26,0.47,5,23.64
2016/12/26,0,5.76,28.78
2016/12/26,0,5,10.58
2016/12/26,0.56,5.61,28.06
2016/12/26,0.23,5,11.58
2016/12/26,0.63,6.26,31.32
2016/12/26,0,8.9,44.51
2016/12/26,0,5,18.16
2016/12/26,0,5,16.05
2016/12/26,0,5,15.94
2016/12/28,0,5,0
2016/12/28,0,5,0
2016/12/29,0,5,0
2016/12/29,0.16,5,0
2016/12/29,0.07,5,0
2016/12/29,0,5,17.4
2017/1/3,0,5,16.48
2017/1/3,0.07,5,3.67
2017/1/3,0.16,5,7.89
2017/1/3,0,5,5.95
2017/1/3,0,5,0
2017/1/4,0,5.2,0
2017/1/4,0,5.21,0
2017/1/4,0,5.56,0
2017/1/4,0.79,7.94,0
2017/1/4,0,5,0
2017/1/5,0.79,7.94,39.7
2017/1/5,0,7.54,0
2017/1/5,0,5.46,27.32
2017/1/5,0,5,22.08
2017/1/5,0,10.42,52.12
2017/1/6,0,7.64,38.2
2017/1/6,0,20.13,0
2017/1/6,0,12.11,0
2017/1/6,0,7.17,0
2017/1/6,0.27,5,0
2017/1/6,0.27,5,0
2017/1/6,0,8.41,0
2017/1/9,0,7.38,36.9
2017/1/9,0.54,5.43,27.16
2017/1/9,0,16.08,80.4
2017/1/9,0,9,0
2017/1/9,0,5.36,0
2017/1/9,0,8.99,0
2017/1/9,0,5.32,0
2017/1/9,0,9.02,0
2017/1/9,0,5.29,0
2017/1/9,0.84,8.41,0
2017/1/9,0.84,8.43,0
2017/1/9,0,8.31,41.55
2017/1/9,0,15.82,79.08
2017/1/10,1.66,16.58,82.88
2017/1/10,0,15.71,78.54
2017/1/10,0,23.9,119.52
2017/1/12,0,9.28,0
2017/1/12,0,9.28,0
2017/1/12,0,16.81,0
2017/1/12,0,11.24,0
2017/1/12,0,5.61,0
2017/1/12,0,6.11,0
2017/1/12,0,6.12,0
2017/1/12,2.04,20.44,0
2017/1/12,0,11.36,0
2017/1/12,0,5,0
2017/1/12,0,11.36,0
2017/1/12,0,5,0
2017/1/12,1.37,13.74,0
2017/1/12,1.36,13.58,0
2017/1/12,0.27,5,0
2017/1/12,0,5,0
2017/1/12,0.27,5,0
2017/1/12,0,6.01,0
2017/1/12,0.81,8.11,0
2017/1/12,0.27,5,0
2017/1/12,0,5,0
2017/1/12,0.27,5,0
2017/1/13,0,5,14.31
2017/1/13,0,36.76,183.82
2017/1/13,3.84,38.36,191.8
2017/1/13,0,5,16.5
2017/1/13,0,25.62,128.1
2017/1/13,0,33.32,166.62
2017/1/13,2.82,28.22,141.12
2017/1/19,0,5,16.28
2017/1/20,0.55,5.47,0
2017/1/23,0,5,0
2017/1/23,0,5.67,0
2017/1/23,0.38,5,0
2017/1/23,0,5,0
2017/1/23,0,5,0
2017/1/23,0,6.85,0
2017/1/23,0,6.85,0
2017/1/23,0,11.66,0
2017/1/23,0.7,7.04,0
2017/1/23,0,5.92,0
2017/1/23,0.7,7,0
2017/1/23,0,6.61,0
2017/1/24,0,5,0
2017/1/24,0,5,18.48
2017/1/24,0.55,5.49,27.45
2017/1/24,0.7,7,0
2017/1/24,0,13.74,68.7
2017/1/24,0.45,5,0
2017/1/24,0.22,5,0
2017/1/24,0,5.84,0
2017/1/24,0,11.82,59.08
2017/1/24,0,5,0
2017/1/24,0.21,5,0
2017/1/24,0,5,0
2017/1/24,0.19,5,0
2017/1/24,0,5,0
2017/1/24,0.16,5,0
2017/1/24,0,5,0
2017/1/24,0,5,19.46
2017/1/24,0,6.72,33.6
2017/1/24,0,5,0
2017/1/24,0,5,0
2017/1/24,0,5,0
2017/1/25,0,5,8.53
2017/1/25,0.45,5,22.28
2017/1/25,0.3,5,0
2017/1/25,0,5,0
2017/1/25,0,5,22.46
2017/1/25,0,5,12.89
2017/1/25,0,5,7.93
2017/1/25,0,5,22.16
2017/1/25,0,5,11.13
2017/1/25,0,5.91,29.55
2017/1/25,0.08,5,4.02
2017/1/25,0,5,5.26
2017/1/25,0,5,7.78
2017/1/25,0.19,5,0
2017/1/25,0,5,12.94
2017/1/25,0,5.89,29.43
2017/1/25,0,5,5.17
2017/1/25,0.22,5,10.94
2017/1/25,0,5,5.9
2017/1/25,0.37,5,18.71
2017/1/25,2.08,20.83,104.16
2017/1/25,0,5,2.95
2017/1/25,0.33,5,0
2017/1/25,0,5,0
2017/1/25,0,5,0
2017/1/25,0.05,5,0
2017/1/25,0.08,5,4.02
2017/1/25,0.21,5,10.4
2017/1/26,0.05,5,2.62
2017/1/26,0.31,5,15.57
2017/1/26,0,5,11.79
2017/1/26,0,5,7.98
2017/1/26,0.18,5,9.24
2017/1/26,0.19,5,9.74
2017/1/26,0.33,5,16.26
2017/1/26,0,5,9.56
2017/2/3,0.38,5,0
2017/2/3,0.9,9.02,0
2017/2/3,0.57,5.72,0
2017/2/3,0.28,5,0
2017/2/3,0,5.2,0
2017/2/3,0.49,5,0
2017/2/3,0,5,13.43
2017/2/6,0,5,0
2017/2/6,0,5,0
2017/2/6,0.39,5,19.33
2017/2/6,0.91,9.05,45.27
2017/2/6,0,5.19,25.96
2017/2/8,0.69,6.89,0
2017/2/8,0.59,5.93,0
2017/2/8,0.48,5,24.14
2017/2/8,0,5,19.72
2017/2/8,0.84,8.43,42.17
2017/2/9,0,5,20.75
2017/2/9,0.61,6.11,30.56
2017/2/9,0.69,6.95,34.73
2017/2/13,0,7.06,0
2017/2/13,0.46,5,0
2017/2/13,0.47,5,0
2017/2/13,0.39,5,0
2017/2/13,0,5,0
2017/2/13,0,5,0
2017/2/13,0,5,0
2017/2/13,0.25,5,0
2017/2/13,0.14,5,0
2017/2/13,0,5,0
2017/2/13,0.31,5,0
2017/2/13,0.44,5,0
2017/2/13,0.19,5,0
2017/2/14,0.25,5,12.54
2017/2/14,0.31,5,15.43
2017/2/15,1.76,17.61,0
2017/2/15,3.52,35.24,0
2017/2/15,1.76,17.61,0
2017/2/15,1.76,17.62,0
2017/2/16,0,5,17.8
2017/2/16,0.44,5,22.2
2017/2/16,0,5,17.92
2017/2/17,1.64,16.42,0
2017/2/17,0.47,5,23.28
2017/2/17,0.81,8.14,0
2017/2/17,0,5,6.98
2017/2/17,5.99,59.9,299.5
2017/2/17,0.18,5,8.97
2017/2/17,0,5,9.7
2017/2/17,0,5,18.2
2017/2/17,3.01,30.07,150.35
2017/2/17,0.46,5,22.92
2017/2/17,0.38,5,18.88
2017/2/17,0,5,18.16
2017/2/17,0.13,5,6.52
2017/2/20,0,5,0
2017/2/20,0.61,6.07,0
2017/2/20,0,5,0
2017/2/20,0.3,5,0
2017/2/20,0.24,5,0
2017/2/20,0,5.14,0
2017/2/20,0.19,5,0
2017/2/20,2.42,24.18,120.9
2017/2/21,0.19,5,9.64
2017/2/21,0,5.21,26.05
2017/2/21,0,5,8.06
2017/2/21,0.91,9.11,45.57
2017/2/21,0.24,5,12.23
2017/2/21,0,5,0
2017/2/21,0,5,0
2017/2/21,0,5,0
2017/2/21,0,5,18.59
2017/2/22,0,5,21.94
2017/2/23,0.21,5,0
2017/2/23,0,5,0
2017/2/23,0,5,22.48
2017/2/24,0,8.69,0
2017/2/24,0.68,6.83,0
2017/2/24,0,16.01,0
2017/2/24,0,5,5.97
2017/2/24,0.21,5,10.4
2017/2/27,0,8.73,43.66
2017/2/27,1.35,13.53,0
2017/2/27,0,7.9,0
2017/2/27,0,8.65,0
2017/2/27,0,7.87,0
2017/2/28,0,6.15,0
2017/2/28,0.63,6.34,0
2017/2/28,0.75,7.54,0
2017/2/28,0.63,6.3,0
2017/2/28,0,7.45,0
2017/2/28,0.63,6.26,0
2017/2/28,0,7.9,0
2017/2/28,0,16.15,0
2017/2/28,0.97,9.7,0
2017/2/28,0,60.86,0
2017/2/28,0,8.59,0
2017/2/28,0.63,6.26,0
2017/2/28,1.01,10.13,0
2017/2/28,0.63,6.35,0
2017/2/28,0.67,6.74,0
2017/2/28,0,42.56,0
2017/2/28,0,8,0
2017/2/28,0.67,6.71,0
2017/2/28,0,10.2,0
2017/2/28,0,10.02,0
2017/2/28,0,8.68,43.38
2017/2/28,2.04,20.42,102.12
2017/3/1,0,16.35,81.77
2017/3/1,0,34,169.98
2017/3/1,0,5,19.04
2017/3/1,0,5.06,25.32
2017/3/1,0,5,20.19
2017/3/1,1.03,10.26,51.3
2017/3/1,0,15.56,77.78
2017/3/1,0,19.92,99.58
2017/3/1,0,5,4.28
2017/3/1,0.63,6.3,31.5
2017/3/1,0.63,6.32,31.62
2017/3/1,0.63,6.31,31.56
2017/3/1,0.7,6.96,34.78
2017/3/1,0,5,12.72
2017/3/1,0,8.5,42.5
2017/3/1,0,8.49,42.46
2017/3/1,0,5,10.04
2017/3/1,0,16.96,84.8
2017/3/1,0.76,7.58,37.88
2017/3/1,0,6.8,33.98
2017/3/2,0.7,6.98,34.91
2017/3/2,0,5,10.3
2017/3/2,0.32,5,16.15
2017/3/2,0.5,5.02,25.12
2017/3/2,0,5,11.59
2017/3/2,0,5,0
2017/3/2,0,9.25,46.25
2017/3/2,0.41,5,0
2017/3/2,0,5,0
2017/3/2,0,5,0
2017/3/3,0,13.66,68.32
2017/3/3,0,9.34,46.71
2017/3/3,0,5.03,25.14
2017/3/3,0.32,5,15.87
2017/3/3,0,5,12.69
2017/3/3,0,7.92,39.6
2017/3/3,0,5,7.7
2017/3/3,0.99,9.88,49.4
2017/3/3,0.49,5,24.28
2017/3/3,0,19.98,99.9
2017/3/3,0,5,21
2017/3/3,0.5,5.03,0
2017/3/3,1.27,12.66,0
2017/3/3,1.27,12.66,0
2017/3/3,1.76,17.62,0
2017/3/3,1.76,17.62,0
2017/3/6,1.52,15.18,75.9
2017/3/7,0.21,5,10.28
2017/3/7,0.36,5,18.02
2017/3/7,0.44,5,22.05
2017/3/7,1.32,13.22,66.12
2017/3/7,1.31,13.12,65.61
2017/3/7,0.77,7.67,38.36
2017/3/8,0.1,5,5.16
2017/3/8,0.18,5,8.77
2017/3/8,0.26,5,13.16
2017/3/10,1.68,16.78,0
2017/3/10,2.01,20.08,0
2017/3/10,2.01,20.08,0
2017/3/10,0.67,6.67,0
2017/3/10,0.67,6.66,0
2017/3/10,0.66,6.63,0
2017/3/10,0.66,6.64,0
2017/3/16,0,15.61,0
2017/3/16,0,15.57,0
2017/3/16,0,15.56,0
2017/3/16,0,8.17,0
2017/3/16,0,12.25,0
2017/3/16,2.01,20.12,100.62
2017/3/16,1.06,10.57,0
2017/3/16,1.06,10.55,0
2017/3/16,0.7,7.04,0
2017/3/16,2.35,23.49,117.43
2017/3/16,0.67,6.7,0
2017/3/17,0.67,6.74,33.7
2017/3/20,0.1,5,5.08
2017/3/20,1.3,12.97,64.86
2017/3/20,0,23.4,117
2017/3/20,0,11.71,58.55
2017/3/20,0,10.67,53.37
2017/3/20,0,5,24.67
2017/3/21,0,5,12.47
2017/3/21,1.42,14.16,70.78
2017/3/21,0.36,5,17.85
2017/3/21,0,5,8.43
2017/3/21,0.5,5.03,25.13
2017/3/21,0,5,11.89
2017/3/21,0.64,6.44,0
2017/3/21,0.32,5,16.22
2017/3/21,0,5,24.56
2017/3/22,0,5,12.09
2017/3/22,0.29,5,14.42
2017/3/22,0.97,9.71,48.54
2017/3/23,0,9.97,0
2017/3/23,0,8.4,0
2017/3/23,0,6.27,0
2017/3/23,0,10.46,0
2017/3/23,0,5,0
2017/3/23,0,6.6,0
2017/3/23,0,10.16,0
2017/3/23,0,5.06,0
2017/3/23,0,6.4,0
2017/3/23,0,18.63,0
2017/3/23,0,6.31,0
2017/3/23,0,5,8.38
2017/3/23,0,9.96,0
2017/3/23,0,6.6,0
2017/3/23,0.32,5,16.24
2017/3/23,0.14,5,7.21
2017/3/23,0.33,5,16.35
2017/3/23,0.65,6.47,0
2017/3/23,0.93,9.31,0
2017/3/24,0.47,5,23.73
2017/3/24,0,14.65,73.26
2017/3/24,0,8.38,41.88
2017/3/24,0,17.46,87.31
2017/3/24,0,6.38,31.9
2017/3/24,0,8.28,41.4
2017/3/24,0.33,5,16.35
2017/3/24,0.33,5,16.36
2017/3/24,0,5,22.11
2017/3/24,0.12,5,5.95
2017/3/24,0,5,15.9
2017/3/24,0,14.69,73.47
2017/3/24,0,5,16.03
2017/3/24,0.33,5,16.46
2017/3/24,0,5,17.75
2017/3/24,0.33,5,16.53
2017/3/24,0,5,17.71
2017/3/24,0,5,17.71
2017/3/27,0,5.62,0
2017/3/27,0,10.49,0
2017/3/27,0,9.46,0
2017/3/27,0,8.57,0
2017/3/27,0,5,0
2017/3/27,0.91,9.14,0
2017/3/27,0.76,7.59,0
2017/3/28,0.38,5,0
2017/3/28,0,5,21.71
2017/3/28,0,8.93,0
2017/3/28,0,5,0
2017/3/28,0,5,7.59
2017/3/28,0.45,5,0
2017/3/28,0,5,0
2017/3/28,0.66,6.6,0
2017/3/28,0,5,0
2017/3/28,0.45,5,0
2017/3/28,0,8.21,0
2017/3/28,0,8.46,0
2017/3/28,0,6.76,0
2017/3/28,0,5,0
2017/3/28,0.33,5,0
2017/3/28,0,5,0
2017/3/28,0.45,5,0
2017/3/28,0.39,5,0
2017/3/28,0,9.71,0
2017/3/28,0.57,5.72,0
2017/3/28,0.46,5,22.89
2017/3/28,0,5,21.33
2017/3/28,0,6.67,0
2017/3/28,0,5,7.61
2017/3/28,0,6.56,0
2017/3/29,0,13.61,68.07
2017/3/29,0.92,9.17,45.86
2017/3/29,0,5,22.8
2017/3/29,0,5,16.5
2017/3/29,0.57,5.71,28.53
2017/3/29,0,5,16.51
2017/3/29,0,5,20.02
2017/3/29,0.46,5,22.84
2017/3/29,0.19,5,9.5
2017/3/29,0,6.87,34.35
2017/3/29,0,8.94,44.7
2017/3/29,0,6.89,34.45
2017/3/29,0.33,5,16.5
2017/3/29,0,5,16.5
2017/3/29,0,5,12.95
2017/3/29,0,5,17.29
2017/3/29,0,5,17
2017/3/29,0,5,8.27
2017/3/29,0,6.5,0
2017/3/29,0,5,0
2017/3/29,0,5,0
2017/3/29,0,5,16.42
2017/3/29,0,5,0
2017/3/29,0.29,5,0
2017/3/29,0,5,0
2017/3/29,0,6.48,0
2017/3/29,0,5,0
2017/3/29,0,5,0
2017/3/30,0,6.81,0
2017/3/30,0,6.47,0
2017/3/30,0.85,8.49,0
2017/3/30,0,5,9.66
2017/3/30,0,5,9.5
2017/3/30,0.45,5,22.36
2017/3/30,0,6.89,34.47
2017/3/30,0,5,16.1
2017/3/30,0,9.5,47.52
2017/3/30,0.56,5.63,28.15
2017/3/30,0.14,5,6.87
2017/3/30,0.28,5,14.1
2017/3/31,0.65,6.48,32.4
2017/3/31,0,9.65,48.27
2017/3/31,0,5,21.98
2017/3/31,0.4,5,19.81
2017/3/31,0,9.55,47.76
2017/3/31,0.18,5,9.18
2017/3/31,0.74,7.39,0
2017/3/31,0,5,17.03
2017/3/31,0.57,5.67,28.35
2017/3/31,0,8.48,0
2017/3/31,0.74,7.37,0
2017/3/31,0,6.39,0
2017/3/31,0,5.08,0
2017/3/31,0,6.38,0
2017/3/31,0.29,5,0
2017/3/31,0,9.89,0
2017/3/31,0,5.07,0
2017/3/31,0,5,0
2017/3/31,0,5,0
2017/3/31,0.44,5,0
2017/3/31,0,6.58,0
2017/3/31,1.12,11.19,0
2017/3/31,0,5,0
2017/3/31,0,5,0
2017/3/31,0,5,0
2017/3/31,0,5,0
2017/3/31,0,5,0
2017/3/31,0,5,0
2017/3/31,0,5,16.95
2017/3/31,0.33,5,16.55
2017/3/31,0,5,16.64
2017/3/31,0,5,9.61
2017/3/31,0.17,5,8.5
2017/3/31,0,5,8.56
2017/3/31,0,5,8.6
2017/3/31,0,5,16.73
2017/3/31,0.37,5,0
2017/3/31,0,6.48,0
2017/3/31,0,5,0
2017/3/31,0,5,0
2017/3/31,0.09,5,4.63
2017/3/31,0.82,8.16,0
2017/3/31,0.67,6.71,0
2017/3/31,0,6.62,0
2017/3/31,0.24,5,0
2017/3/31,0,5,0
2017/3/31,0,5,22.08
2017/3/31,0,5,8.15
2017/3/31,0,5,16
2017/3/31,0.09,5,4.61
2017/3/31,0,5,9.55
2017/3/31,0,5,16.01
2017/3/31,0,5,15.96
2017/3/31,0.33,5,16.7
2017/3/31,0.28,5,14.18
2017/3/31,0,5,16.64
2017/3/31,0.17,5,8.51
2017/3/31,0,5,19.24
2017/3/31,0,5,6.37
2017/3/31,0,5,17.04
2017/3/31,0,5,6.38
2017/4/5,0.09,5,0
2017/4/5,0,5,13.25
2017/4/5,0.56,5.55,0
2017/4/5,0,16.88,0
2017/4/5,0,7.56,0
2017/4/5,0,6.94,0
2017/4/5,0,7.21,0
2017/4/5,0.93,9.26,0
2017/4/5,0.84,8.36,0
2017/4/5,0,13.2,0
2017/4/5,0,6.81,0
2017/4/5,0,6.38,0
2017/4/5,0,6.81,0
2017/4/5,0,12.36,0
2017/4/5,0,5.11,0
2017/4/5,0,5,0
2017/4/5,0,6.38,0
2017/4/5,0,5,13.36
2017/4/5,0.27,5,13.57
2017/4/5,0.68,6.76,33.78
2017/4/5,0,9.96,49.82
2017/4/5,0,5,9.82
2017/4/5,0,5,20.13
2017/4/5,0,7.3,36.52
2017/4/5,0,5,12.91
2017/4/5,0,5.22,26.09
2017/4/5,0.52,5.24,26.18
2017/4/5,0.59,5.85,29.25
2017/4/5,0,8.41,42.07
2017/4/5,0,6.61,33.04
2017/4/5,0,5,12.25
2017/4/5,0,5,21.52
2017/4/5,0,5,10.43
2017/4/5,0,5,13.03
2017/4/5,0,8.71,43.55
2017/4/5,0.29,5,14.56
2017/4/5,0,5,8.79
2017/4/6,0,10.32,51.6
2017/4/6,0,5,9
2017/4/6,0,9.31,46.56
2017/4/6,0,8.95,44.73
2017/4/6,0,5,12.97
2017/4/6,0.25,5,12.62
2017/4/6,0.14,5,6.8
2017/4/6,0,11.87,59.36
2017/4/6,0,5,18.15
2017/4/6,0,5,16.39
2017/4/6,0,5,17.49
2017/4/6,0.26,5,12.99
2017/4/6,0.06,5,2.85
2017/4/6,0,5,22.58
2017/4/6,0.4,5,19.86
2017/4/6,0,5,9.9
2017/4/6,0,11.75,0
2017/4/6,0,5.1,25.5
2017/4/6,0,5,10.35
2017/4/6,0,5,9.98
2017/4/6,0,5,0
2017/4/6,0.3,5,14.82
2017/4/6,0,5,9
2017/4/6,0,5,23.34
2017/4/6,0,5,14.5
2017/4/6,0,5,17
2017/4/6,0,5,11.2
2017/4/6,0,5,13.33
2017/4/6,0.23,5,11.48
2017/4/6,0,6.78,0
2017/4/6,0.95,9.48,0
2017/4/6,0.71,7.11,0
2017/4/6,0,5,0
2017/4/6,0,5,6.72
2017/4/6,0,5,8.33
2017/4/6,0.23,5,11.5
2017/4/6,0.13,5,0
2017/4/6,0,5,0
2017/4/6,0,5,0
2017/4/6,0,5,3.38
2017/4/6,0,5,17.11
2017/4/6,1.02,10.19,50.97
2017/4/6,0,5,22.35
2017/4/6,0.3,5,15.12
2017/4/6,0.04,5,2
2017/4/6,0,8.36,41.8
2017/4/6,0,5.12,25.6
2017/4/6,0,5,12.79
2017/4/6,0,5,8.31
2017/4/6,0.13,5,6.73
2017/4/7,0.72,7.16,35.81
2017/4/7,0,11.93,59.63
2017/4/7,0.48,5,23.84
2017/4/7,0,5.42,27.09
2017/4/7,0,5,12.89
2017/4/7,0,5,13.76
2017/4/7,0.59,5.88,0
2017/4/7,0.7,6.97,0
2017/4/7,0.59,5.86,0
2017/4/7,0.7,6.96,0
2017/4/7,0.92,9.18,0
2017/4/7,0,6.94,0
2017/4/7,0,7.05,0
2017/4/7,0.72,7.18,0
2017/4/7,0.91,9.1,0
2017/4/7,0,6.57,0
2017/4/7,0,7.98,0
2017/4/7,0.71,7.13,0
2017/4/7,0.49,5,0
2017/4/7,0.5,5.03,0
2017/4/7,0,8.21,0
2017/4/7,0,5,0
2017/4/7,0,6.82,0
2017/4/7,0,5.11,0
2017/4/7,0,5.11,0
2017/4/7,0.7,6.95,0
2017/4/7,0.69,6.86,0
2017/4/7,0.77,7.75,0
2017/4/7,0,7.15,0
2017/4/7,0,5,6.47
2017/4/7,0,6.91,0
2017/4/10,0.14,5,6.96
2017/4/10,1.04,10.44,52.2
2017/4/10,0.41,5,20.56
2017/4/10,0,5,17.28
2017/4/10,0,10.47,52.37
2017/4/10,0,5,24.04
2017/4/10,0,5,3.26
2017/4/10,0.4,5,19.88
2017/4/10,0.44,5,22.1
2017/4/10,0.63,6.32,31.6
2017/4/10,0,9.18,0
2017/4/10,0,5,6.03
2017/4/10,0,6.6,33
2017/4/10,0,6.36,31.82
2017/4/10,0,6.39,0
2017/4/10,0,6.5,0
2017/4/10,0,7.38,0
2017/4/10,0,5,20.55
2017/4/10,0.39,5,19.3
2017/4/10,0.79,7.94,39.69
2017/4/10,0.87,8.71,0
2017/4/10,0.84,8.42,0
2017/4/10,0.85,8.46,0
2017/4/10,0,9.86,49.3
2017/4/10,0,9.86,49.32
2017/4/10,0.38,5,19.01
2017/4/10,0.37,5,18.33
2017/4/10,0,5,21.41
2017/4/10,0,5,18.66
2017/4/10,0.6,6.03,30.17
2017/4/10,0.6,5.95,29.77
2017/4/10,0.24,5,11.79
2017/4/10,0.6,5.99,0
2017/4/10,0.6,6,0
2017/4/10,0.75,7.51,0
2017/4/10,0.38,5,0
2017/4/10,0.75,7.54,0
2017/4/10,0.76,7.56,0
2017/4/10,0.99,9.94,0
2017/4/10,1,9.97,0
2017/4/10,0.23,5,11.53
2017/4/10,0,5.65,28.27
2017/4/10,0,6.46,32.32
2017/4/11,0.23,5,11.65
2017/4/11,0.5,5,24.76
2017/4/11,0,5,8.19
2017/4/11,0.15,5,7.58
2017/4/11,0.41,5,20.29
2017/4/11,0,6.29,31.44
2017/4/11,1.68,16.83,84.16
2017/4/11,0.35,5,17.36
2017/4/11,0,5.36,26.78
2017/4/11,0.31,5,15.57
2017/4/11,0.1,5,5.07
2017/4/11,0,5,21.93
2017/4/11,0.95,9.46,47.28
2017/4/11,0.48,5,23.92
2017/4/11,0.35,5,17.36
2017/4/11,0.05,5,2.28
2017/4/11,0.5,5,24.76
2017/4/11,0.99,9.9,49.51
2017/4/11,1.33,13.29,66.47
2017/4/11,0.23,5,11.53
2017/4/11,0.2,5,0
2017/4/11,0.88,8.82,0
2017/4/11,0.94,9.42,0
2017/4/11,0,6.64,0
2017/4/11,0.43,5,0
2017/4/11,0,8.08,0
2017/4/11,1.44,14.42,0
2017/4/11,0,6.22,0
2017/4/11,0.82,8.16,0
2017/4/11,1.09,10.91,0
2017/4/11,0,10,0
2017/4/11,0.47,5,23.33
2017/4/11,0,5,11.91
2017/4/11,0,5,6.84
2017/4/11,0.62,6.19,30.93
2017/4/11,0,5,12.3
2017/4/11,0,5,23.82
2017/4/12,0,5,3.58
2017/4/12,0.1,5,5.02
2017/4/12,0.11,5,5.52
2017/4/12,0.24,5,11.78
2017/4/12,0.31,5,15.36
2017/4/12,0.37,5,18.43
2017/4/12,0,5,19.88
2017/4/12,0.13,5,6.54
2017/4/12,0.95,9.51,0
2017/4/12,1,9.95,0
2017/4/12,1,9.95,0
2017/4/12,0,9.79,0
2017/4/12,0.45,5,0
2017/4/12,0,5.33,0
2017/4/12,0.5,5,0
2017/4/12,0,5.33,0
2017/4/12,0.56,5.6,0
2017/4/12,0,9.35,0
2017/4/12,0.96,9.56,0
2017/4/12,0.07,5,0
2017/4/12,0,9.71,0
2017/4/12,0,9.37,0
2017/4/12,0.41,5,20.26
2017/4/12,0.54,5.4,27
2017/4/12,0.1,5,5.03
2017/4/12,0.13,5,6.3
2017/4/12,0,5,15.03
2017/4/12,0.63,6.25,0
2017/4/12,0.24,5,11.81
2017/4/12,0,5.06,25.28
2017/4/12,0.52,5.21,26.03
2017/4/12,0,5,20.12
2017/4/12,0.54,5.4,27
2017/4/12,0,5,16.71
2017/4/12,0,5,11.3
2017/4/12,0.47,5,23.49
2017/4/12,0.43,5,21.71
2017/4/12,0,6.19,30.95
2017/4/12,0.45,5,22.52
2017/4/12,0,5,24.67
2017/4/12,0,5,20.38
2017/4/12,0.41,5,20.49
2017/4/12,0,6.28,31.38
2017/4/12,0,5,16.79
2017/4/12,0.41,5,20.44
2017/4/12,0.93,9.26,46.3
2017/4/12,0.18,5,9.22
2017/4/13,0.93,9.28,46.39
2017/4/13,0.55,5.53,27.65
2017/4/13,0,9.97,0
2017/4/13,0,9.81,0
2017/4/13,0,9.78,0
2017/4/13,0.56,5.56,27.81
2017/4/13,0.54,5.43,27.15
2017/4/13,0,5,11.17
2017/4/13,0.41,5,20.6
2017/4/13,0,5,1.55
2017/4/13,0,9.95,0
2017/4/13,0.22,5,10.91
2017/4/13,0.51,5.14,25.72
2017/4/13,0,5,12.34
2017/4/13,0.49,5,24.69
2017/4/13,0,5,1.22
2017/4/13,0,5,12.99
2017/4/13,0,15.14,75.71
2017/4/13,0.93,9.32,0
2017/4/13,0,5,1.87
2017/4/13,0.22,5,11.12
2017/4/13,0,5,24.39
2017/4/13,0.88,8.82,44.08
2017/4/13,1.12,11.23,56.16
2017/4/13,0,14.9,74.5
2017/4/14,0,5.07,25.36
2017/4/14,0.41,5,20.25
2017/4/14,0,5,16.79
2017/4/14,0,5,23.96
2017/4/14,0,5.15,25.76
2017/4/14,0.51,5.05,25.25
2017/4/14,0,5,16.78
2017/4/14,0,5.07,25.37
2017/4/14,0,9.87,0
2017/4/14,0,9.88,0
2017/4/14,0,9.89,0
2017/4/14,0,9.92,0
2017/4/14,0,9.93,49.65
2017/4/14,0,10.07,50.36
2017/4/17,0,15.63,78.14
2017/4/17,1,9.99,0
2017/4/17,0,10,49.98
2017/4/17,0.47,5,0
2017/4/17,0.47,5,0
2017/4/17,0.99,9.89,0
2017/4/17,0,5,0
2017/4/17,0.99,9.88,0
2017/4/17,0.99,9.88,0
2017/4/17,0,9.88,0
2017/4/17,0,9.88,0
2017/4/17,0.99,9.88,0
2017/4/17,0,5,0
2017/4/17,0,5,0
2017/4/17,0,5,0
2017/4/17,0,5,0
2017/4/17,0,9.25,0
2017/4/17,0.99,9.91,0
2017/4/17,0,9.97,0
2017/4/17,0,9.97,0
2017/4/17,0,9.89,0
2017/4/18,0,19.1,95.51
2017/4/18,2.43,24.29,121.44
2017/4/18,0,5,5.03
2017/4/18,2.12,21.22,106.11
2017/4/18,0,5.25,26.25
2017/4/18,0.98,9.77,0
2017/4/18,0,9.88,0
2017/4/18,0,9.9,0
2017/4/18,0,9.91,0
2017/4/18,0,9.9,0
2017/4/18,0,5,0
2017/4/18,0,9.98,0
2017/4/18,0,9.97,0
2017/4/18,0.45,5,0
2017/4/18,2.37,23.74,118.7
2017/4/18,0.98,9.83,0
2017/4/18,0.99,9.9,0
2017/4/18,0.99,9.92,0
2017/4/19,0,8.81,44.06
2017/4/19,0,5,22.65
2017/4/19,0,8.71,43.55
2017/4/19,0,5,11.2
2017/4/19,0,15.68,78.39
2017/4/19,0,9.02,45.1
2017/4/19,0,17.42,87.12
2017/4/19,1.81,18.11,90.55
2017/4/19,0.48,5,23.87
2017/4/19,0,9.11,45.56
2017/4/19,1.45,14.49,72.44
2017/4/19,0.56,5.64,28.22
2017/4/19,0,5,12.94
2017/4/19,0,8.91,44.57
2017/4/19,0,32.25,161.27
2017/4/20,0.95,9.51,0
2017/4/20,0,9.96,0
2017/4/20,0,9.89,0
2017/4/20,0,9.56,0
2017/4/20,0,9.56,0
2017/4/20,0,9.58,0
2017/4/20,0,9.61,0
2017/4/20,0,9.61,0
2017/4/20,0,9.61,0
2017/4/20,0,9.67,0
2017/4/20,0,9.96,0
2017/4/20,0,9.97,0
2017/4/20,0.99,9.86,0
2017/4/20,0.99,9.86,0
2017/4/20,1,10,0
2017/4/21,0,5.79,0
2017/4/21,0,9.6,48
2017/4/21,0,5,21.33
2017/4/21,0,16.89,84.46
2017/4/21,0,5,21.8
2017/4/21,0,9.93,49.64
2017/4/21,0,9.82,49.1
2017/4/21,0.43,5,21.3
2017/4/21,0.5,5,24.79
2017/4/21,0.49,5,24.59
2017/4/21,0.48,5,23.87
2017/4/21,0,16.91,84.56
2017/4/21,0,9.97,0
2017/4/21,0,9.48,0
2017/4/21,0,8.72,0
2017/4/21,0,8.76,0
2017/4/21,0,8.84,0
2017/4/21,0,9.43,0
2017/4/21,0,9.44,0
2017/4/21,0,9.89,49.44
2017/4/21,0.53,5.3,26.51
2017/4/21,0.5,5,24.75
2017/4/21,1.06,10.56,52.78
2017/4/21,0,35.07,175.36
2017/4/21,0,5,22.43
2017/4/24,0.99,9.88,0
2017/4/24,0,12.04,60.2
2017/4/24,0,10.06,50.31
2017/4/24,0,0,0
2017/4/24,0,0,0
2017/4/24,0,25.95,129.74
2017/4/24,0.99,9.92,0
2017/4/24,1,9.99,0
2017/4/24,0.93,9.31,0
2017/4/24,1,9.98,0
2017/4/24,0.93,9.32,0
2017/4/24,0.94,9.36,0
2017/4/24,1,9.96,0
2017/4/24,1,9.97,0
2017/4/24,1,9.95,0
2017/4/24,0.99,9.87,0
2017/4/24,0.99,9.91,0
2017/4/24,1,9.98,0
2017/4/24,0.94,9.37,0
2017/4/24,0.99,9.91,0
2017/4/24,0.94,9.4,0
2017/4/24,0.94,9.43,0
2017/4/24,0.99,9.94,0
2017/4/24,0.94,9.45,0
2017/4/24,1,9.97,0
2017/4/24,0,12.19,60.93
2017/4/24,0,9.43,47.17
2017/4/25,0,6.9,0
2017/4/25,0,9.84,0
2017/4/25,0.89,8.88,44.4
2017/4/25,1.77,17.75,88.73
2017/4/25,1.96,19.64,98.19
2017/4/25,1.38,13.8,69.01
2017/4/25,0,9.85,0
2017/4/25,0.94,9.38,0
2017/4/25,0,9.85,0
2017/4/25,0,9.85,0
2017/4/25,0,9.79,0
2017/4/25,0.94,9.38,0
2017/4/25,0,9.86,0
2017/4/25,0,9.86,0
2017/4/25,0,9.75,0
2017/4/25,0,9.76,0
2017/4/25,0,9.64,0
2017/4/25,0,9.67,0
2017/4/25,0,9.85,0
2017/4/25,0,9.83,0
2017/4/25,2.53,25.26,126.32
2017/4/25,1.2,12.02,60.12
2017/4/25,5.22,52.23,261.15
2017/4/25,2.66,26.6,133
2017/4/25,2.2,21.96,109.8
2017/4/26,1.94,19.43,97.16
2017/4/26,0,38.55,192.77
2017/4/26,0,80.61,403.03
2017/4/26,0,21.45,107.25
2017/4/26,0,9.96,0
2017/4/26,0,9.89,0
2017/4/26,0,9.93,0
2017/4/26,0,9.9,0
2017/4/26,0,9.91,0
2017/4/26,0,9.93,0
2017/4/26,0,9.99,0
2017/4/26,0,9.99,0
2017/4/27,0,39.44,197.18
2017/4/27,0,19.76,98.82
2017/4/27,0,9.72,0
2017/4/27,0.99,9.92,0
2017/4/27,0.96,9.58,0
2017/4/27,0,9.8,0
2017/4/27,0,9.85,0
2017/4/27,0,9.7,0
2017/4/27,0,9.83,0
2017/4/27,0,9.69,0
2017/4/27,0.95,9.54,0
2017/4/27,0.96,9.63,0
2017/4/27,0.96,9.65,0
2017/4/28,1.23,12.26,61.32
2017/4/28,2.4,24.01,120.06
2017/4/28,0,19.46,97.3
2017/4/28,0,5,0
2017/4/28,0,9.53,0
2017/4/28,0,19.7,98.52
2017/4/28,0,40.84,204.22
2017/5/2,0,11.64,0
2017/5/2,1.2,11.99,59.96
2017/5/2,0.82,8.18,0
2017/5/2,0,9.7,0
2017/5/2,0,9.7,0
2017/5/2,0,9.73,0
2017/5/2,0,9.73,0
2017/5/2,0,9.74,0
2017/5/2,0,9.74,0
2017/5/2,0,9.73,0
2017/5/2,0.99,9.91,0
2017/5/2,0.99,9.92,0
2017/5/2,0.99,9.93,0
2017/5/2,0.99,9.95,0
2017/5/2,1,9.96,0
2017/5/2,1,9.98,0
2017/5/3,0,13.85,69.27
2017/5/3,0,80.39,401.96
2017/5/3,0,5,0
2017/5/3,0,9.78,0
2017/5/3,0,9.82,0
2017/5/3,0,9.81,0
2017/5/3,0,9.82,0
2017/5/3,0,9.82,0
2017/5/3,0,9.82,0
2017/5/3,0,9.83,0
2017/5/3,0,9.74,0
2017/5/3,0,9.83,0
2017/5/3,0.99,9.87,0
2017/5/3,0,9.82,0
2017/5/3,0,9.83,0
2017/5/3,0.99,9.9,0
2017/5/3,0.99,9.9,0
2017/5/4,0,5,0
2017/5/4,0,9.63,0
2017/5/4,0,9.89,0
2017/5/4,0,5,12.7
2017/5/4,0,9.96,0
2017/5/4,0,9.96,0
2017/5/4,0,9.63,0
2017/5/4,0,9.97,0
2017/5/4,0.99,9.89,0
2017/5/4,0,9.57,0
2017/5/4,0,9.86,0
2017/5/4,0,9.63,0
2017/5/4,0,9.64,0
2017/5/4,0.99,9.89,0
2017/5/4,0,10,0
2017/5/4,0,9.58,0
2017/5/4,0,9.89,0
2017/5/4,4.78,47.77,238.87
2017/5/4,4.73,47.34,236.72
2017/5/4,0,81.71,408.57
2017/5/4,0,9.61,0
2017/5/4,0,9.87,0
2017/5/4,0,15.99,79.97
2017/5/4,0,9.6,0
2017/5/4,0.98,9.81,0
2017/5/4,0,9.6,0
2017/5/4,0,9.6,0
2017/5/4,0,9.9,0
2017/5/4,0.98,9.81,0
2017/5/4,0.98,9.82,0
2017/5/4,0.99,9.91,0
2017/5/4,0,9.9,0
2017/5/4,0,9.93,0
2017/5/4,0,9.58,0
2017/5/4,0,9.71,0
2017/5/4,0,9.67,0
2017/5/5,0,68.54,342.72
2017/5/5,0,5.56,27.81
2017/5/5,2.96,29.61,148.03
2017/5/5,0.83,8.33,0
2017/5/5,0.83,8.34,0
2017/5/5,0.83,8.35,0
2017/5/5,0.83,8.35,0
2017/5/5,0.84,8.35,0
2017/5/8,0,9.17,45.85
2017/5/8,2.91,29.14,145.72
2017/5/8,0,9.73,0
2017/5/8,0,9.17,0
2017/5/8,0,9.66,0
2017/5/8,0,9.65,0
2017/5/8,0.82,8.17,0
2017/5/8,0.96,9.58,0
2017/5/8,0,9.86,0
2017/5/8,0.82,8.2,0
2017/5/8,0.82,8.24,0
2017/5/8,0.83,8.28,0
2017/5/8,0,9.88,0
2017/5/8,0.83,8.32,0
2017/5/9,0.98,9.79,0
2017/5/9,0.95,9.54,0
2017/5/9,0.8,8.02,0
2017/5/9,0.98,9.82,0
2017/5/9,0.98,9.75,0
2017/5/9,0.98,9.77,0
2017/5/9,0.98,9.82,0
2017/5/9,0.98,9.82,0
2017/5/9,0.99,9.86,0
2017/5/9,0,9.8,0
2017/5/9,0.98,9.82,0
2017/5/9,0,9.58,0
2017/5/9,0.98,9.83,0
2017/5/9,0.8,7.96,0
2017/5/9,0,9.59,0
2017/5/9,0,35.24,176.19
2017/5/9,0,18.64,93.2
2017/5/9,0,50.79,253.97
2017/5/9,0,41.67,208.37
2017/5/9,0.99,9.86,0
2017/5/9,0,9.53,0
2017/5/9,0,9.89,0
2017/5/10,0.89,8.89,0
2017/5/10,1,9.98,0
2017/5/10,0,18.8,94.01
2017/5/10,0.84,8.44,0
2017/5/10,0.95,9.5,0
2017/5/15,0,9.62,0
2017/5/15,4.59,45.89,229.44
2017/5/16,5.15,51.46,257.29
2017/5/16,1.03,10.32,51.59
2017/5/16,4.65,46.5,232.5
2017/5/16,0,9.58,0
2017/5/16,0,9.56,0
2017/5/17,0,9.51,0
2017/5/17,0,9.95,0
2017/5/17,0,9.95,0
2017/5/17,0,9.49,0
2017/5/17,0.96,9.63,0
2017/5/17,0.96,9.63,0
2017/5/17,0,9.48,0
2017/5/17,0.97,9.71,0
2017/5/17,0.95,9.49,0
2017/5/17,0,9.46,0
2017/5/17,0.97,9.71,0
2017/5/17,0.95,9.54,0
2017/5/17,0.96,9.56,0
2017/5/17,0.98,9.79,0
2017/5/17,0,28.61,143.05
2017/5/17,0,9.66,0
2017/5/18,0,9.2,0
2017/5/18,0.99,9.94,49.71
2017/5/18,0.91,9.1,0
2017/5/19,0,33.6,168
2017/5/22,0.99,9.85,0
2017/5/22,0.99,9.87,0
2017/5/22,0.99,9.92,0
2017/5/23,0,10.42,0
2017/5/23,0,10.23,51.16
2017/5/23,0,5,0
2017/5/23,0.96,9.57,0
2017/5/23,1.46,14.64,73.22
2017/5/23,0.6,6.04,0
2017/5/23,0.96,9.61,0
2017/5/23,1.54,15.36,76.82
2017/5/23,0.45,5,0
2017/5/24,0,23.17,115.85
2017/5/24,0,9.74,48.7
2017/5/24,0,9.29,0
2017/5/24,0,9.28,0
2017/5/24,0,9.29,0
2017/5/24,0,9.29,0
2017/5/24,0,45.06,225.31
2017/5/25,0,9.83,0
2017/5/25,0.83,8.25,41.27
2017/5/25,0,9.69,0
2017/5/25,1.55,15.46,77.3
2017/5/25,1,10,0
2017/5/25,0,9.27,0
2017/5/25,0.95,9.52,0
2017/5/25,0.95,9.53,0
2017/5/31,1.77,17.72,0
2017/5/31,0,12.48,62.38
2017/5/31,0,11,0
2017/5/31,1.12,11.23,0
2017/5/31,2.41,24.06,120.28
2017/6/1,0.31,5,0
2017/6/2,0,9.38,0
2017/6/2,0.97,9.74,0
2017/6/2,0,9.38,0
2017/6/2,0.97,9.74,0
2017/6/2,4.72,47.16,235.8
2017/6/5,0.99,9.95,0
2017/6/5,0,9.76,48.81
2017/6/5,0,18.84,94.22
2017/6/5,0,9.21,0
2017/6/6,2.59,25.93,129.67
2017/6/6,0.5,5,24.84
2017/6/6,0,21.8,109
2017/6/6,1.8,17.95,89.76
2017/6/6,0.97,9.75,0
2017/6/6,0.43,5,0
2017/6/6,0.97,9.75,0
2017/6/6,2.41,24.11,120.56
2017/6/6,0.87,8.69,0
2017/6/6,1,9.99,0
2017/6/7,1.02,10.16,0
2017/6/7,1.2,11.96,0
2017/6/7,1.19,11.91,0
2017/6/7,0,7.69,38.46
2017/6/7,1.58,15.76,78.79
2017/6/8,2.9,28.99,144.95
2017/6/8,0,21.59,107.94
2017/6/8,1.16,11.64,58.19
2017/6/8,0,7.75,38.75
2017/6/8,0,16.08,80.41
2017/6/9,0,9.38,0
2017/6/9,0,9.37,0
2017/6/9,0,9.92,0
2017/6/9,0,9.41,0
2017/6/9,0,9.91,0
2017/6/9,0.99,9.89,0
2017/6/9,0.96,9.56,0
2017/6/12,0,15.03,75.14
2017/6/12,0,9.87,0
2017/6/12,0,9.84,0
2017/6/12,0,9.77,0
2017/6/12,0,9.78,0
2017/6/12,0,10.05,0
2017/6/12,0,9.85,0
2017/6/12,0,12.74,0
2017/6/13,0,12.8,63.98
2017/6/13,2.84,28.38,141.88
2017/6/13,2.03,20.26,101.31
2017/6/13,0,10.05,0
2017/6/13,0,10.05,0
2017/6/14,0,7.31,0
2017/6/14,0.51,5.11,0
2017/6/14,0,10.96,0
2017/6/14,0,9.48,0
2017/6/14,1.03,10.33,0
2017/6/14,1.12,11.23,0
2017/6/14,1.03,10.31,0
2017/6/15,0.55,5.54,27.7
2017/6/19,0,14.92,74.62
2017/6/19,0.94,9.4,46.99
2017/6/19,0.99,9.92,0
2017/6/19,0,14.88,74.38
2017/6/19,0.47,5,0
2017/6/20,0,5,0
2017/6/20,0,5,0
2017/6/20,0.29,5,0
2017/6/20,0.34,5,0
2017/6/20,0.34,5,0
2017/6/20,0,12.89,64.44
2017/6/20,0,5,0
2017/6/20,0,5,0
2017/6/20,0,5,0
2017/6/20,0.35,5,0
2017/6/20,0.35,5,0
2017/6/20,0.35,5,0
2017/6/20,0.35,5,0
2017/6/20,0,12.94,64.7
2017/6/20,0.42,5,0
2017/6/20,0.42,5,0
2017/6/20,0,12.79,63.94
2017/6/20,0.42,5,0
2017/6/20,0.95,9.51,0
2017/6/20,0.95,9.51,0
2017/6/21,1.32,13.18,65.91
2017/6/21,0.85,8.53,42.64
2017/6/21,1.71,17.06,85.28
2017/6/21,1.27,12.69,63.46
2017/6/21,0,12.43,62.16
2017/6/21,0,15.53,77.63
2017/6/21,1.76,17.63,88.14
2017/6/21,1.91,19.12,95.58
2017/6/21,0,9.84,0
2017/6/21,0,9.15,45.74
2017/6/22,0.27,5,0
2017/6/22,0.27,5,0
2017/6/22,0.27,5,0
2017/6/22,0.27,5,0
2017/6/22,0.27,5,0
2017/6/22,0.27,5,0
2017/6/22,0.55,5.48,0
2017/6/22,0.55,5.49,0
2017/6/22,0.5,5,0
2017/6/22,0.49,5,0
2017/6/22,0.49,5,0
2017/6/22,0.55,5.52,0
2017/6/22,0.28,5,0
2017/6/22,0.88,8.76,43.8
2017/6/23,0.84,8.4,41.98
2017/6/23,1.11,11.12,55.58
2017/6/23,1.1,11.04,55.18
2017/6/23,0,6.28,31.4
2017/6/23,0,5,23.24
2017/6/23,0,5,23.2
2017/6/23,0,5,23.18
2017/6/23,0,5,23.16
2017/6/23,0,5,23.12
2017/6/23,0,5,23.1
2017/6/23,0,5,23.06
2017/6/23,0,5,23.04
2017/6/23,1.1,11.02,55.1
2017/6/23,0,11.52,57.6
2017/6/23,1.1,11.03,55.14
2017/6/23,0.97,9.71,0
2017/6/28,0,5,0
2017/6/28,0,5,0
2017/6/28,0,5,0
2017/6/28,0,5,0
2017/6/28,0,5,0
2017/6/28,0,5,0
2017/6/28,0,5,0
2017/6/28,0,5,0
2017/6/28,0,5,0
2017/6/28,0,5,0
2017/6/28,0,5,0
2017/6/28,0,5,0
2017/6/28,0.38,5,0
2017/6/28,0,5,0
2017/6/28,0.38,5,0
2017/6/28,0,5,0
2017/6/28,0,5,0
2017/6/28,0.38,5,0
2017/6/28,0,5,0
2017/6/28,0,5,0
2017/6/28,0,5,0
2017/6/28,0,5,0
2017/6/28,0,5,0
2017/6/28,0,5,0
2017/6/28,0,5,0
2017/6/28,0.38,5,0
2017/6/28,0.38,5,0
2017/6/28,0.39,5,0
2017/6/28,0,5,0
2017/6/28,0,5,0
2017/6/28,0.52,5.17,0
2017/6/28,0.96,9.56,0
2017/6/28,0,5,0
2017/6/28,0,5,0
2017/6/28,0,9.38,0
2017/6/28,0,5,0
2017/6/28,0,5,0
2017/6/28,0.5,5,0
2017/6/28,0,5,0
2017/6/30,0,12.17,60.83
2017/6/30,1.04,10.41,52.06
2017/6/30,1.19,11.87,59.33
2017/6/30,0,15.25,76.25
2017/6/30,0,14.21,71.06
2017/6/30,0,14.04,70.2
2017/7/4,1.04,10.41,52.06
2017/7/4,0,14.33,71.64
2017/7/4,0.54,5.36,26.82
2017/7/4,0.99,9.86,49.28
2017/7/4,0.4,5,0
2017/7/4,0.8,8.03,40.14
2017/7/4,1.04,10.41,52.06
2017/7/4,0,10.73,53.63
2017/7/4,0,5,0
2017/7/4,0,5,0
2017/7/4,0,5,0
2017/7/4,0.37,5,0
2017/7/4,0,5,0
2017/7/4,0,5,0
2017/7/4,0.4,5,0
2017/7/4,0.4,5,0
2017/7/4,0,5,0
2017/7/4,0.37,5,0
2017/7/4,0.37,5,0
2017/7/4,0.37,5,0
2017/7/4,0.37,5,0
2017/7/4,0.37,5,0
2017/7/4,0.37,5,0
2017/7/4,0.37,5,0
2017/7/4,0,5,0
2017/7/4,0,5,0
2017/7/4,0,5,0
2017/7/5,1,9.98,49.88
2017/7/5,0,8.98,44.89
2017/7/5,0.92,9.2,46.02
2017/7/5,1.01,10.14,50.68
2017/7/5,1.43,14.33,71.67
2017/7/5,0,18.45,92.25
2017/7/5,0.39,5,0
2017/7/5,0.4,5,0
2017/7/5,0.39,5,0
2017/7/5,0.91,9.12,0
2017/7/5,0.4,5,0
2017/7/5,0.4,5,0
2017/7/5,0.37,5,0
2017/7/5,0.8,7.96,0
2017/7/5,0.37,5,0
2017/7/6,1,10.04,50.18
2017/7/6,0.36,5,0
2017/7/6,0,22.19,110.95
2017/7/6,2.16,21.59,107.96
2017/7/6,0,5,0
2017/7/6,0.38,5,0
2017/7/6,0.36,5,0
2017/7/6,0,5,0
2017/7/6,0,5,0
2017/7/6,0,5,0
2017/7/6,0,5,0
2017/7/6,0.37,5,0
2017/7/6,0.39,5,0
2017/7/6,0.38,5,0
2017/7/6,0,5,0
2017/7/6,0.39,5,0
2017/7/7,0,5,18.58
2017/7/7,1.1,10.98,54.9
2017/7/7,0.56,5.59,27.97
2017/7/7,0.56,5.62,28.11
2017/7/7,1.07,10.69,53.44
2017/7/7,0,8.46,42.3
2017/7/7,0.99,9.86,49.28
2017/7/7,0.52,5.18,25.9
2017/7/7,0,23.12,115.58
2017/7/7,1.4,13.96,69.78
2017/7/7,1.79,17.85,89.26
2017/7/7,0,16.33,81.65
2017/7/7,0,17.1,85.49
2017/7/7,1.13,11.33,56.67
2017/7/7,1.08,10.84,54.19
2017/7/7,0,8.84,44.21
2017/7/7,0,5,0
2017/7/7,0.4,5,0
2017/7/7,0,5,0
2017/7/7,0.39,5,0
2017/7/7,0.4,5,0
2017/7/7,0.36,5,0
2017/7/7,0,5,0
2017/7/7,0.4,5,0
2017/7/7,0.36,5,0
2017/7/10,0.11,5,5.46
2017/7/10,0,5,10.04
2017/7/10,0.23,5,11.28
2017/7/10,0.37,5,18.61
2017/7/10,0.88,8.82,44.09
2017/7/10,0.54,5.41,27.03
2017/7/10,0.39,5,0
2017/7/11,0,5,20.77
2017/7/11,0.36,5,18.24
2017/7/11,0.98,9.84,49.21
2017/7/11,0.89,8.93,44.66
2017/7/11,0,13.01,65.07
2017/7/11,0,17.12,85.62
2017/7/11,0.11,5,5.31
2017/7/11,0,5,9.76
2017/7/11,0.22,5,11.14
2017/7/11,0.5,5.03,25.13
2017/7/11,0.37,5,0
2017/7/11,0.37,5,0
2017/7/11,0.38,5,0
2017/7/11,0.38,5,0
2017/7/11,0.38,5,0
2017/7/11,0.38,5,0
2017/7/11,0.38,5,0
2017/7/11,0.38,5,0
2017/7/11,0.38,5,0
2017/7/11,0.38,5,0
2017/7/11,0,5,0
2017/7/11,0,7.26,0
2017/7/11,0.38,5,0
2017/7/11,0.39,5,0
2017/7/11,0,5,0
2017/7/11,0,5,0
2017/7/11,0.38,5,0
2017/7/11,0.36,5,0
2017/7/11,0,5,0
2017/7/11,0.36,5,0
2017/7/11,0.38,5,0
2017/7/11,0.38,5,0
2017/7/11,0,5,0
2017/7/11,0.36,5,0
2017/7/11,0.38,5,0
2017/7/11,0.75,7.53,0
2017/7/11,0.38,5,0
2017/7/11,0.39,5,0
2017/7/11,0,5,0
2017/7/11,0.39,5,0
2017/7/11,0,5,0
2017/7/11,0.39,5,0
2017/7/11,0.36,5,0
2017/7/11,0,5,0
2017/7/11,0,5,0
2017/7/11,0,5,0
2017/7/11,0.39,5,0
2017/7/11,0,5,0
2017/7/11,0.38,5,0
2017/7/11,0,5,0
2017/7/11,0.77,7.69,0
2017/7/11,0.78,7.82,0
2017/7/11,0.95,9.48,0
2017/7/11,0.95,9.47,0
2017/7/11,1.04,10.44,0
2017/7/11,0.95,9.47,0
2017/7/11,0,5.94,0
2017/7/11,0,5.94,0
2017/7/11,0.38,5,0
2017/7/11,0.38,5,0
2017/7/11,0,5,0
2017/7/11,0,5,0
2017/7/11,0,5,0
2017/7/11,0,5,0
2017/7/11,0,5,0
2017/7/11,0,5,0
2017/7/11,0,5,0
2017/7/11,0,7.27,0
2017/7/11,0,5,0
2017/7/11,0,7.29,0
2017/7/11,0.38,5,0
2017/7/12,0.53,5.26,26.28
2017/7/12,0.48,5,24.23
2017/7/12,0.48,5,24.24
2017/7/12,1.9,18.97,94.83
2017/7/12,0,14,70
2017/7/12,3.16,31.63,158.15
2017/7/12,1.5,15.04,75.18
2017/7/12,1.58,15.77,78.84
2017/7/12,0,29.85,149.24
2017/7/12,0.97,9.7,48.48
2017/7/12,0.37,5,18.25
2017/7/12,0,13.03,65.16
2017/7/12,0,14.92,74.6
2017/7/12,0.1,5,0
2017/7/12,0,5,0
2017/7/12,0.75,7.48,0
2017/7/12,0.39,5,0
2017/7/12,0.37,5,0
2017/7/12,0.4,5,0
2017/7/12,0.39,5,0
2017/7/12,0.4,5,0
2017/7/12,0.4,5,0
2017/7/12,0.4,5,0
2017/7/12,0.39,5,0
2017/7/12,0.37,5,0
2017/7/12,0.8,7.98,0
2017/7/12,0.39,5,0
2017/7/12,0,7.88,0
2017/7/12,0.4,5,0
2017/7/12,0.4,5,0
2017/7/13,0.77,7.69,38.45
2017/7/13,0,5,24.61
2017/7/13,0.91,9.13,45.63
2017/7/13,1.9,19.03,95.16
2017/7/13,1.98,19.82,99.12
2017/7/13,1.53,15.27,76.33
2017/7/13,1.31,13.09,65.45
2017/7/13,1.55,15.47,77.35
2017/7/13,0,5.43,27.16
2017/7/13,0,5.43,27.13
2017/7/13,0,5,0
2017/7/13,0.91,9.12,0
2017/7/13,0,5,0
2017/7/13,0,5,0
2017/7/13,0,5,0
2017/7/13,0,5,0
2017/7/13,0.73,7.28,0
2017/7/13,0.4,5,0
2017/7/13,0,5,0
2017/7/13,0.4,5,0
2017/7/13,0.38,5,0
2017/7/13,0,5,0
2017/7/13,0,5,0
2017/7/13,0.91,9.1,0
2017/7/13,0.4,5,0
2017/7/13,0.76,7.58,0
2017/7/13,0.77,7.73,0
2017/7/13,0.8,7.99,0
2017/7/13,0,7.2,0
2017/7/13,0,6.55,0
2017/7/13,1.83,18.26,0
2017/7/13,0.76,7.55,0
2017/7/13,0,8.19,0
2017/7/13,1.83,18.27,0
2017/7/13,0,5,0
2017/7/13,0.38,5,0
2017/7/13,0.76,7.56,0
2017/7/13,0,6.54,0
2017/7/13,0.8,7.96,0
2017/7/13,1.55,15.5,77.48
2017/7/13,0.8,7.96,0
2017/7/14,1.3,13.01,65.04
2017/7/14,0,18.07,90.36
2017/7/14,0,7.36,36.8
2017/7/14,0,18.09,90.44
2017/7/14,1.91,19.08,95.4
2017/7/14,2.74,27.39,136.97
2017/7/14,0,15.69,78.43
2017/7/17,0.77,7.7,38.51
2017/7/17,0,16.43,82.16
2017/7/17,0,11.88,59.4
2017/7/17,0.4,5,0
2017/7/17,0,7.9,0
2017/7/17,0.77,7.72,0
2017/7/17,0.9,8.98,0
2017/7/17,0,5,0
2017/7/17,0,5,0
2017/7/17,0,5,0
2017/7/17,0,5,0
2017/7/17,0,5,0
2017/7/17,0,5,0
2017/7/17,0,5,0
2017/7/17,0,5,0
2017/7/17,0,7.33,0
2017/7/17,0,7.33,0
2017/7/17,0,5,0
2017/7/17,0.9,9,0
2017/7/17,0,6.48,0
2017/7/17,0.89,8.95,0
2017/7/17,0.31,5,0
2017/7/17,0,5,0
2017/7/17,0,5,0
2017/7/17,0.75,7.5,0
2017/7/17,0,34.99,0
2017/7/17,0,6.99,0
2017/7/18,0.49,5,24.3
2017/7/18,0,7.9,39.52
2017/7/18,0.8,7.95,39.76
2017/7/18,0.9,9.04,45.18
2017/7/18,0.2,5,9.8
2017/7/18,0.98,9.78,48.92
2017/7/18,0,16.07,80.36
2017/7/18,0,14.32,71.62
2017/7/18,0,17.65,88.26
2017/7/18,0,17.24,86.19
2017/7/18,3.62,36.16,180.82
2017/7/18,0.53,5.34,26.7
2017/7/18,1.42,14.17,70.85
2017/7/18,0,25.34,126.72
2017/7/18,0,21.47,107.37
2017/7/18,2.42,24.2,0
2017/7/19,0.5,5,0
2017/7/19,0.21,5,0
2017/7/19,0.21,5,0
2017/7/19,0.22,5,0
2017/7/20,1.5,15.02,75.09
2017/7/20,0.45,5,22.58
2017/7/20,0.05,5,2.6
2017/7/21,0.74,7.42,0
2017/7/21,0.75,7.45,0
2017/7/21,0.75,7.46,0
2017/7/24,0.57,5.73,0
2017/7/24,0.64,6.44,0
2017/7/24,0.42,5,0
2017/7/24,0.95,9.52,0
2017/7/24,0.79,7.9,0
2017/7/24,0.8,7.99,0
2017/7/24,0.79,7.9,0
2017/7/24,0.8,7.99,0
2017/7/24,0,5,0
2017/7/25,0,7.97,0
2017/7/25,0.79,7.89,0
2017/7/25,0.78,7.84,0
2017/7/25,0.8,7.96,0
2017/7/25,0.79,7.88,0
2017/7/25,0,7.98,0
2017/7/25,0,7.98,0
2017/7/25,0.77,7.7,0
2017/7/25,0.78,7.84,0
2017/7/25,0.79,7.88,0
2017/7/26,0,71.98,0
2017/7/26,0,15.98,0
2017/7/26,0,15.97,0
2017/7/26,0,15.98,0
2017/7/26,0,21.3,0
2017/7/27,0,21.42,0
2017/7/27,0,5,0
2017/7/27,0,7.8,0
2017/7/27,0,26.79,0
2017/7/27,0,26.8,0
2017/7/27,0,26.79,0
2017/7/27,0,26.78,0
2017/7/27,0,5,0
2017/7/28,0.36,5,0
2017/7/28,0,16.08,0
2017/7/28,1.03,10.28,51.4
2017/7/28,1.05,10.48,52.38
2017/7/28,1.06,10.64,53.2
2017/7/28,1.06,10.64,53.2
2017/7/31,0.78,7.82,0
2017/7/31,0.76,7.63,0
2017/7/31,0.78,7.84,0
2017/8/1,0,11.75,0
2017/8/1,1.2,12.01,0
2017/8/1,0,7.83,0
2017/8/1,0.65,6.49,0
2017/8/1,0.96,9.57,0
2017/8/1,0.9,9,0
2017/8/1,0.78,7.79,0
2017/8/1,0,7.86,0
2017/8/1,0.78,7.8,0
2017/8/1,0.78,7.8,0
2017/8/1,0.96,9.56,0
2017/8/1,0,7.86,0
2017/8/1,0.78,7.81,0
2017/8/1,0,7.86,0
2017/8/2,0,11.72,0
2017/8/2,0.9,13.5,0
2017/8/2,0,8.86,0
2017/8/3,0,40.68,0
2017/8/3,0,40.67,0
2017/8/3,0,40.65,0
2017/8/3,0,40.64,0
2017/8/3,0,40.59,0
2017/8/4,7.52,112.85,376.16
2017/8/4,0,95.31,317.69
2017/8/4,3.16,47.35,157.84
2017/8/4,2.53,37.95,126.5
2017/8/4,2.39,35.89,119.63
2017/8/4,0,21.6,72
2017/8/4,1.25,18.71,62.35
2017/8/4,1.89,28.36,94.52
2017/8/4,2.57,38.49,128.3
2017/8/4,3.79,56.86,189.53
2017/8/4,0,160.68,0
2017/8/7,0,130.17,0
2017/8/7,0,161.04,0
2017/8/8,0,40.14,0
2017/8/8,0,40.13,0
2017/8/10,0,39.78,0
2017/8/11,0,235.71,0
2017/8/11,0,231.42,0
2017/8/21,0.31,5,0
2017/8/22,1.45,14.46,72.32
2017/8/22,1.26,12.56,62.79
2017/8/22,0.96,9.58,0
2017/8/22,0.96,9.64,0
2017/8/22,0.97,9.69,0
2017/8/25,0.98,9.83,49.14
2017/9/1,0.79,7.92,0
2017/9/1,0.8,7.98,0
2017/9/5,0,7.46,0
2017/9/6,0.79,7.89,0
2017/9/6,0.97,9.73,0
2017/9/11,0.94,9.43,0
2017/9/15,0.78,7.83,0
2017/9/18,0.4,5,0
2017/9/18,0.47,5,0
2017/9/18,0,7.97,0
2017/9/19,0,5,0
2017/9/20,0,5,0
2017/9/20,0.35,5,0
2017/9/20,0.03,5,0
2017/9/20,0,5,0
2017/9/21,0.33,5,0
2017/9/25,0,5,0
2017/9/27,0,5,0
2017/9/28,0,7.64,38.21
2017/9/28,0,13.06,65.28
2017/10/10,0,5,0
2017/10/11,0.17,5,0
2017/10/11,0.32,5,0
2017/10/11,0,5,0
2017/10/12,0,5,0
2017/10/16,0.24,5,0
2017/10/16,0,5,0
2017/10/16,0,5,0
2017/10/16,0.33,5,0
2017/10/19,0.19,5,0
2017/10/19,0.18,5,0
2017/10/19,0,5,0
2017/10/20,0.2,5,0
2017/10/20,0.2,5,0
2017/10/23,0.26,5,0
2017/10/25,0.19,5,0
2017/10/25,0,5,0
2017/10/25,0.24,5,0
2017/10/25,0,5,0
2017/10/26,0,5,0
2017/10/26,0.24,5,0
2017/10/26,0,5,0
2017/10/26,0.26,5,0
2017/10/26,0.36,5,0
2017/10/26,0.32,5,0
2017/10/27,0.13,5,0
2017/10/27,0.18,5,0
2017/10/27,0,5,0
2017/10/27,0.09,5,0
2017/10/31,0.2,5,0
2017/10/31,0,5,0
2017/11/1,0.18,5,0
2017/11/1,0.13,5,0
2017/11/1,0.24,5,0
2017/11/1,0.19,5,0
2017/11/1,0.13,5,0
2017/11/1,0.17,5,0
2017/11/1,0,5,0
2017/11/1,0.17,5,0
2017/11/6,0.45,5,22.65
2017/11/7,0,5,0
2017/11/8,0.14,5,0
2017/11/9,0.24,5,0
2017/11/9,0.2,5,0
2017/11/9,0.17,5,0
2017/11/9,0.14,5,0
2017/11/9,0,5,0
2017/11/9,0.28,5,0
2017/11/9,0.24,5,0
2017/11/9,0,5,0
2017/11/10,0.23,5,0
2017/11/10,0.24,5,0
2017/11/13,0.28,5,0
2017/11/13,0.28,5,0
2017/11/13,0.21,5,0
2017/11/15,0.1,5,0
2017/11/15,0.14,5,0
2017/11/15,0.15,5,0
2017/11/15,0,5,0
2017/11/15,0,5,0
2017/11/15,0,5,0
2017/11/15,0,5,0
2017/11/15,0,5,0
2017/11/15,0.26,5,0
2017/11/17,0.23,5,0
2017/11/17,0,5,0
2017/11/17,0.19,5,0
2017/11/17,0.31,5,0
2017/11/17,0,5,21.58
2017/11/17,0.12,5,0
2017/11/17,0,5,0
2017/11/17,0,5,0
2017/11/17,0.35,5,0
2017/11/17,0.73,7.32,36.62
2017/11/17,0,5,0
2017/11/17,0.39,5,0
2017/11/17,0,13.81,69.06
2017/11/17,0.78,7.83,39.16
2017/11/17,0.47,5,23.36
