2018/2/26,C,2.6,2018/2/28,0,88,
2018/2/26,C,2.65,2018/2/28,0,89,
2018/2/26,C,2.7,2018/2/28,0,91,
2018/2/26,C,2.75,2018/2/28,0,93,
2018/2/26,C,2.8,2018/2/28,0,94,
2018/2/26,C,2.85,2018/2/28,0.21,96,
2018/2/26,C,2.9,2018/2/28,0.3209,98,
2018/2/26,C,2.95,2018/2/28,0.3099,99,
2018/2/26,C,3,2018/2/28,0.3101,101,
2018/2/26,C,3.1,2018/2/28,0.3636,105,
2018/2/26,C,3.2,2018/2/28,0.4507,108,
2018/2/26,C,3.3,2018/2/28,0.585,111,
2018/2/26,C,3.4,2018/2/28,0.6953,115,
2018/2/26,C,3.5,2018/2/28,0.8252,118,
2018/2/26,C,3.6,2018/2/28,0.9492,121,
2018/2/26,C,2.455,2018/3/28,0,83,CON_OP_10000989
2018/2/26,C,2.504,2018/3/28,0.2843,84,CON_OP_10000987
2018/2/26,C,2.553,2018/3/28,0,86,CON_OP_10000969
2018/2/26,C,2.6,2018/3/28,0.2715,88,CON_OP_10001237
2018/2/26,C,2.602,2018/3/28,0.328,88,CON_OP_10000970
2018/2/26,C,2.65,2018/3/28,0.2771,89,CON_OP_10001163
2018/2/26,C,2.651,2018/3/28,0.2444,89,CON_OP_10000971
2018/2/26,C,2.7,2018/3/28,0.2344,91,CON_OP_10001137
2018/2/26,C,2.749,2018/3/28,0.2292,93,CON_OP_10000973
2018/2/26,C,2.75,2018/3/28,0.244,93,CON_OP_10001129
2018/2/26,C,2.798,2018/3/28,0.2327,94,CON_OP_10000985
2018/2/26,C,2.8,2018/3/28,0.2395,94,CON_OP_10001105
2018/2/26,C,2.847,2018/3/28,0.2251,96,CON_OP_10001009
2018/2/26,C,2.85,2018/3/28,0.2263,96,CON_OP_10001106
2018/2/26,C,2.896,2018/3/28,0.2212,98,CON_OP_10001039
2018/2/26,C,2.9,2018/3/28,0.2254,98,CON_OP_10001107
2018/2/26,C,2.946,2018/3/28,0.2199,99,CON_OP_10001047
2018/2/26,C,2.95,2018/3/28,0.2195,99,CON_OP_10001108
2018/2/26,C,3,2018/3/28,0.2244,101,CON_OP_10001109
2018/2/26,C,3.044,2018/3/28,0.224,103,CON_OP_10001055
2018/2/26,C,3.1,2018/3/28,0.2283,105,CON_OP_10001164
2018/2/26,C,3.142,2018/3/28,0.2336,106,CON_OP_10001063
2018/2/26,C,3.2,2018/3/28,0.2475,108,CON_OP_10001175
2018/2/26,C,3.24,2018/3/28,0.2543,109,CON_OP_10001069
2018/2/26,C,3.3,2018/3/28,0.2659,111,CON_OP_10001183
2018/2/26,C,3.4,2018/3/28,0.2878,115,CON_OP_10001191
2018/2/26,C,3.5,2018/3/28,0.3088,118,CON_OP_10001199
2018/2/26,C,3.6,2018/3/28,0.3339,121,CON_OP_10001207
2018/2/26,C,2.6,2018/6/27,0.2391,88,CON_OP_10001239
2018/2/26,C,2.65,2018/6/27,0.2326,89,CON_OP_10001167
2018/2/26,C,2.651,2018/6/27,0.2338,89,CON_OP_10001025
2018/2/26,C,2.7,2018/6/27,0.2285,91,CON_OP_10001139
2018/2/26,C,2.749,2018/6/27,0.2215,93,CON_OP_10001027
2018/2/26,C,2.75,2018/6/27,0.2249,93,CON_OP_10001131
2018/2/26,C,2.798,2018/6/27,0.2221,94,CON_OP_10001028
2018/2/26,C,2.8,2018/6/27,0.2193,94,CON_OP_10001115
2018/2/26,C,2.847,2018/6/27,0.2205,96,CON_OP_10001029
2018/2/26,C,2.85,2018/6/27,0.2204,96,CON_OP_10001116
2018/2/26,C,2.896,2018/6/27,0.2154,98,CON_OP_10001041
2018/2/26,C,2.9,2018/6/27,0.2175,98,CON_OP_10001117
2018/2/26,C,2.946,2018/6/27,0.2168,99,CON_OP_10001049
2018/2/26,C,2.95,2018/6/27,0.2141,99,CON_OP_10001118
2018/2/26,C,3,2018/6/27,0.215,101,CON_OP_10001119
2018/2/26,C,3.044,2018/6/27,0.2171,103,CON_OP_10001057
2018/2/26,C,3.1,2018/6/27,0.2171,105,CON_OP_10001168
2018/2/26,C,3.142,2018/6/27,0.2183,106,CON_OP_10001065
2018/2/26,C,3.2,2018/6/27,0.2237,108,CON_OP_10001177
2018/2/26,C,3.24,2018/6/27,0.2267,109,CON_OP_10001071
2018/2/26,C,3.3,2018/6/27,0.2298,111,CON_OP_10001185
2018/2/26,C,3.4,2018/6/27,0.2387,115,CON_OP_10001193
2018/2/26,C,3.5,2018/6/27,0.2485,118,CON_OP_10001201
2018/2/26,C,3.6,2018/6/27,0.2603,121,CON_OP_10001209
2018/2/26,P,2.6,2018/2/28,0.6816,88,
2018/2/26,P,2.65,2018/2/28,0.5923,89,
2018/2/26,P,2.7,2018/2/28,0.5474,91,
2018/2/26,P,2.75,2018/2/28,0.415,93,
2018/2/26,P,2.8,2018/2/28,0.3964,94,
2018/2/26,P,2.85,2018/2/28,0.3597,96,
2018/2/26,P,2.9,2018/2/28,0.3087,98,
2018/2/26,P,2.95,2018/2/28,0.3104,99,
2018/2/26,P,3,2018/2/28,0.2861,101,
2018/2/26,P,3.1,2018/2/28,0.394,105,
2018/2/26,P,3.2,2018/2/28,0.3843,108,
2018/2/26,P,3.3,2018/2/28,0.7219,111,
2018/2/26,P,3.4,2018/2/28,0.9733,115,
2018/2/26,P,3.5,2018/2/28,1,118,
2018/2/26,P,3.6,2018/2/28,1,121,
2018/2/26,P,2.455,2018/3/28,0.3582,83,CON_OP_10000990
2018/2/26,P,2.504,2018/3/28,0.3215,84,CON_OP_10000988
2018/2/26,P,2.553,2018/3/28,0.3065,86,CON_OP_10000974
2018/2/26,P,2.6,2018/3/28,0.2956,88,CON_OP_10001238
2018/2/26,P,2.602,2018/3/28,0.2909,88,CON_OP_10000975
2018/2/26,P,2.65,2018/3/28,0.2779,89,CON_OP_10001165
2018/2/26,P,2.651,2018/3/28,0.2754,89,CON_OP_10000976
2018/2/26,P,2.7,2018/3/28,0.2602,91,CON_OP_10001138
2018/2/26,P,2.749,2018/3/28,0.2484,93,CON_OP_10000978
2018/2/26,P,2.75,2018/3/28,0.2532,93,CON_OP_10001130
2018/2/26,P,2.798,2018/3/28,0.239,94,CON_OP_10000986
2018/2/26,P,2.8,2018/3/28,0.2399,94,CON_OP_10001110
2018/2/26,P,2.847,2018/3/28,0.2287,96,CON_OP_10001010
2018/2/26,P,2.85,2018/3/28,0.2291,96,CON_OP_10001111
2018/2/26,P,2.896,2018/3/28,0.2239,98,CON_OP_10001040
2018/2/26,P,2.9,2018/3/28,0.2235,98,CON_OP_10001112
2018/2/26,P,2.946,2018/3/28,0.2228,99,CON_OP_10001048
2018/2/26,P,2.95,2018/3/28,0.2218,99,CON_OP_10001113
2018/2/26,P,3,2018/3/28,0.2237,101,CON_OP_10001114
2018/2/26,P,3.044,2018/3/28,0.2252,103,CON_OP_10001056
2018/2/26,P,3.1,2018/3/28,0.23,105,CON_OP_10001166
2018/2/26,P,3.142,2018/3/28,0.2482,106,CON_OP_10001064
2018/2/26,P,3.2,2018/3/28,0.2625,108,CON_OP_10001176
2018/2/26,P,3.24,2018/3/28,0.2722,109,CON_OP_10001070
2018/2/26,P,3.3,2018/3/28,0.2933,111,CON_OP_10001184
2018/2/26,P,3.4,2018/3/28,0.2972,115,CON_OP_10001192
2018/2/26,P,3.5,2018/3/28,0.3443,118,CON_OP_10001200
2018/2/26,P,3.6,2018/3/28,0.3434,121,CON_OP_10001208
2018/2/26,P,2.6,2018/6/27,0.2322,88,CON_OP_10001240
2018/2/26,P,2.65,2018/6/27,0.2272,89,CON_OP_10001169
2018/2/26,P,2.651,2018/6/27,0.2273,89,CON_OP_10001030
2018/2/26,P,2.7,2018/6/27,0.2252,91,CON_OP_10001140
2018/2/26,P,2.749,2018/6/27,0.2198,93,CON_OP_10001032
2018/2/26,P,2.75,2018/6/27,0.2212,93,CON_OP_10001132
2018/2/26,P,2.798,2018/6/27,0.2175,94,CON_OP_10001033
2018/2/26,P,2.8,2018/6/27,0.2195,94,CON_OP_10001120
2018/2/26,P,2.847,2018/6/27,0.2171,96,CON_OP_10001034
2018/2/26,P,2.85,2018/6/27,0.2174,96,CON_OP_10001121
2018/2/26,P,2.896,2018/6/27,0.2155,98,CON_OP_10001042
2018/2/26,P,2.9,2018/6/27,0.2139,98,CON_OP_10001122
2018/2/26,P,2.946,2018/6/27,0.2136,99,CON_OP_10001050
2018/2/26,P,2.95,2018/6/27,0.2121,99,CON_OP_10001123
2018/2/26,P,3,2018/6/27,0.2142,101,CON_OP_10001124
2018/2/26,P,3.044,2018/6/27,0.2146,103,CON_OP_10001058
2018/2/26,P,3.1,2018/6/27,0.2166,105,CON_OP_10001170
2018/2/26,P,3.142,2018/6/27,0.2192,106,CON_OP_10001066
2018/2/26,P,3.2,2018/6/27,0.2198,108,CON_OP_10001178
2018/2/26,P,3.24,2018/6/27,0.2176,109,CON_OP_10001072
2018/2/26,P,3.3,2018/6/27,0.2279,111,CON_OP_10001186
2018/2/26,P,3.4,2018/6/27,0.2339,115,CON_OP_10001194
2018/2/26,P,3.5,2018/6/27,0.2497,118,CON_OP_10001202
2018/2/26,P,3.6,2018/6/27,0.2547,121,CON_OP_10001210
2018/2/27,C,2.6,2018/2/28,0,89,
2018/2/27,C,2.65,2018/2/28,0,91,
2018/2/27,C,2.7,2018/2/28,0,92,
2018/2/27,C,2.75,2018/2/28,0,94,
2018/2/27,C,2.8,2018/2/28,0,96,
2018/2/27,C,2.85,2018/2/28,0,98,
2018/2/27,C,2.9,2018/2/28,0.2469,99,
2018/2/27,C,2.95,2018/2/28,0.2831,101,
2018/2/27,C,3,2018/2/28,0.3119,103,
2018/2/27,C,3.1,2018/2/28,0.4741,106,
2018/2/27,C,3.2,2018/2/28,0.6406,110,
2018/2/27,C,3.3,2018/2/28,0.8916,113,
2018/2/27,C,3.4,2018/2/28,1,116,
2018/2/27,C,3.5,2018/2/28,1,120,
2018/2/27,C,3.6,2018/2/28,1,123,
2018/2/27,C,2.455,2018/3/28,0,84,CON_OP_10000989
2018/2/27,C,2.504,2018/3/28,0.3156,86,CON_OP_10000987
2018/2/27,C,2.553,2018/3/28,0,87,CON_OP_10000969
2018/2/27,C,2.6,2018/3/28,0,89,CON_OP_10001237
2018/2/27,C,2.602,2018/3/28,0.2933,89,CON_OP_10000970
2018/2/27,C,2.65,2018/3/28,0.1398,91,CON_OP_10001163
2018/2/27,C,2.651,2018/3/28,0.16,91,CON_OP_10000971
2018/2/27,C,2.7,2018/3/28,0.2053,92,CON_OP_10001137
2018/2/27,C,2.749,2018/3/28,0.2439,94,CON_OP_10000973
2018/2/27,C,2.75,2018/3/28,0.2106,94,CON_OP_10001129
2018/2/27,C,2.798,2018/3/28,0.2113,96,CON_OP_10000985
2018/2/27,C,2.8,2018/3/28,0.2081,96,CON_OP_10001105
2018/2/27,C,2.847,2018/3/28,0.2068,98,CON_OP_10001009
2018/2/27,C,2.85,2018/3/28,0.2141,98,CON_OP_10001106
2018/2/27,C,2.896,2018/3/28,0.2099,99,CON_OP_10001039
2018/2/27,C,2.9,2018/3/28,0.2172,99,CON_OP_10001107
2018/2/27,C,2.946,2018/3/28,0.2136,101,CON_OP_10001047
2018/2/27,C,2.95,2018/3/28,0.2165,101,CON_OP_10001108
2018/2/27,C,3,2018/3/28,0.2168,103,CON_OP_10001109
2018/2/27,C,3.044,2018/3/28,0.2302,104,CON_OP_10001055
2018/2/27,C,3.1,2018/3/28,0.2398,106,CON_OP_10001164
2018/2/27,C,3.142,2018/3/28,0.2504,108,CON_OP_10001063
2018/2/27,C,3.2,2018/3/28,0.2601,110,CON_OP_10001175
2018/2/27,C,3.24,2018/3/28,0.2701,111,CON_OP_10001069
2018/2/27,C,3.3,2018/3/28,0.2861,113,CON_OP_10001183
2018/2/27,C,3.4,2018/3/28,0.3056,116,CON_OP_10001191
2018/2/27,C,3.5,2018/3/28,0.334,120,CON_OP_10001199
2018/2/27,C,3.6,2018/3/28,0.3609,123,CON_OP_10001207
2018/2/27,C,2.6,2018/6/27,0.223,89,CON_OP_10001239
2018/2/27,C,2.65,2018/6/27,0.2298,91,CON_OP_10001167
2018/2/27,C,2.651,2018/6/27,0.2222,91,CON_OP_10001025
2018/2/27,C,2.7,2018/6/27,0.2194,92,CON_OP_10001139
2018/2/27,C,2.749,2018/6/27,0.2192,94,CON_OP_10001027
2018/2/27,C,2.75,2018/6/27,0.2158,94,CON_OP_10001131
2018/2/27,C,2.798,2018/6/27,0.2171,96,CON_OP_10001028
2018/2/27,C,2.8,2018/6/27,0.2142,96,CON_OP_10001115
2018/2/27,C,2.847,2018/6/27,0.2176,98,CON_OP_10001029
2018/2/27,C,2.85,2018/6/27,0.2122,98,CON_OP_10001116
2018/2/27,C,2.896,2018/6/27,0.2177,99,CON_OP_10001041
2018/2/27,C,2.9,2018/6/27,0.213,99,CON_OP_10001117
2018/2/27,C,2.946,2018/6/27,0.2122,101,CON_OP_10001049
2018/2/27,C,2.95,2018/6/27,0.2139,101,CON_OP_10001118
2018/2/27,C,3,2018/6/27,0.2138,103,CON_OP_10001119
2018/2/27,C,3.044,2018/6/27,0.2156,104,CON_OP_10001057
2018/2/27,C,3.1,2018/6/27,0.2183,106,CON_OP_10001168
2018/2/27,C,3.142,2018/6/27,0.2262,108,CON_OP_10001065
2018/2/27,C,3.2,2018/6/27,0.2247,110,CON_OP_10001177
2018/2/27,C,3.24,2018/6/27,0.2293,111,CON_OP_10001071
2018/2/27,C,3.3,2018/6/27,0.2339,113,CON_OP_10001185
2018/2/27,C,3.4,2018/6/27,0.2432,116,CON_OP_10001193
2018/2/27,C,3.5,2018/6/27,0.2536,120,CON_OP_10001201
2018/2/27,C,3.6,2018/6/27,0.2607,123,CON_OP_10001209
2018/2/27,P,2.6,2018/2/28,0.8633,89,
2018/2/27,P,2.65,2018/2/28,0.7354,91,
2018/2/27,P,2.7,2018/2/28,0.6387,92,
2018/2/27,P,2.75,2018/2/28,0.4805,94,
2018/2/27,P,2.8,2018/2/28,0.4504,96,
2018/2/27,P,2.85,2018/2/28,0.4357,98,
2018/2/27,P,2.9,2018/2/28,0.409,99,
2018/2/27,P,2.95,2018/2/28,0.4443,101,
2018/2/27,P,3,2018/2/28,0.5915,103,
2018/2/27,P,3.1,2018/2/28,0.9454,106,
2018/2/27,P,3.2,2018/2/28,1,110,
2018/2/27,P,3.3,2018/2/28,1,113,
2018/2/27,P,3.4,2018/2/28,1,116,
2018/2/27,P,3.5,2018/2/28,1,120,
2018/2/27,P,3.6,2018/2/28,1,123,
2018/2/27,P,2.455,2018/3/28,0.3602,84,CON_OP_10000990
2018/2/27,P,2.504,2018/3/28,0.3449,86,CON_OP_10000988
2018/2/27,P,2.553,2018/3/28,0.323,87,CON_OP_10000974
2018/2/27,P,2.6,2018/3/28,0.3248,89,CON_OP_10001238
2018/2/27,P,2.602,2018/3/28,0.305,89,CON_OP_10000975
2018/2/27,P,2.65,2018/3/28,0.2888,91,CON_OP_10001165
2018/2/27,P,2.651,2018/3/28,0.288,91,CON_OP_10000976
2018/2/27,P,2.7,2018/3/28,0.274,92,CON_OP_10001138
2018/2/27,P,2.749,2018/3/28,0.2618,94,CON_OP_10000978
2018/2/27,P,2.75,2018/3/28,0.2618,94,CON_OP_10001130
2018/2/27,P,2.798,2018/3/28,0.2512,96,CON_OP_10000986
2018/2/27,P,2.8,2018/3/28,0.2537,96,CON_OP_10001110
2018/2/27,P,2.847,2018/3/28,0.2445,98,CON_OP_10001010
2018/2/27,P,2.85,2018/3/28,0.2453,98,CON_OP_10001111
2018/2/27,P,2.896,2018/3/28,0.2435,99,CON_OP_10001040
2018/2/27,P,2.9,2018/3/28,0.2448,99,CON_OP_10001112
2018/2/27,P,2.946,2018/3/28,0.243,101,CON_OP_10001048
2018/2/27,P,2.95,2018/3/28,0.2409,101,CON_OP_10001113
2018/2/27,P,3,2018/3/28,0.2515,103,CON_OP_10001114
2018/2/27,P,3.044,2018/3/28,0.2621,104,CON_OP_10001056
2018/2/27,P,3.1,2018/3/28,0.2807,106,CON_OP_10001166
2018/2/27,P,3.142,2018/3/28,0.2949,108,CON_OP_10001064
2018/2/27,P,3.2,2018/3/28,0.3235,110,CON_OP_10001176
2018/2/27,P,3.24,2018/3/28,0.345,111,CON_OP_10001070
2018/2/27,P,3.3,2018/3/28,0.3673,113,CON_OP_10001184
2018/2/27,P,3.4,2018/3/28,0.4137,116,CON_OP_10001192
2018/2/27,P,3.5,2018/3/28,0.3727,120,CON_OP_10001200
2018/2/27,P,3.6,2018/3/28,0.504,123,CON_OP_10001208
2018/2/27,P,2.6,2018/6/27,0.2376,89,CON_OP_10001240
2018/2/27,P,2.65,2018/6/27,0.2332,91,CON_OP_10001169
2018/2/27,P,2.651,2018/6/27,0.2333,91,CON_OP_10001030
2018/2/27,P,2.7,2018/6/27,0.2297,92,CON_OP_10001140
2018/2/27,P,2.749,2018/6/27,0.2255,94,CON_OP_10001032
2018/2/27,P,2.75,2018/6/27,0.2304,94,CON_OP_10001132
2018/2/27,P,2.798,2018/6/27,0.2239,96,CON_OP_10001033
2018/2/27,P,2.8,2018/6/27,0.2259,96,CON_OP_10001120
2018/2/27,P,2.847,2018/6/27,0.2217,98,CON_OP_10001034
2018/2/27,P,2.85,2018/6/27,0.2268,98,CON_OP_10001121
2018/2/27,P,2.896,2018/6/27,0.2201,99,CON_OP_10001042
2018/2/27,P,2.9,2018/6/27,0.2211,99,CON_OP_10001122
2018/2/27,P,2.946,2018/6/27,0.2252,101,CON_OP_10001050
2018/2/27,P,2.95,2018/6/27,0.2207,101,CON_OP_10001123
2018/2/27,P,3,2018/6/27,0.2259,103,CON_OP_10001124
2018/2/27,P,3.044,2018/6/27,0.2208,104,CON_OP_10001058
2018/2/27,P,3.1,2018/6/27,0.2302,106,CON_OP_10001170
2018/2/27,P,3.142,2018/6/27,0.2257,108,CON_OP_10001066
2018/2/27,P,3.2,2018/6/27,0.229,110,CON_OP_10001178
2018/2/27,P,3.24,2018/6/27,0.2299,111,CON_OP_10001072
2018/2/27,P,3.3,2018/6/27,0.2454,113,CON_OP_10001186
2018/2/27,P,3.4,2018/6/27,0.2536,116,CON_OP_10001194
2018/2/27,P,3.5,2018/6/27,0.2775,120,CON_OP_10001202
2018/2/27,P,3.6,2018/6/27,0.2864,123,CON_OP_10001210
2018/2/28,C,2.6,2018/2/28,0,91,
2018/2/28,C,2.65,2018/2/28,0,92,
2018/2/28,C,2.7,2018/2/28,0,94,
2018/2/28,C,2.75,2018/2/28,1,96,
2018/2/28,C,2.8,2018/2/28,0,98,
2018/2/28,C,2.85,2018/2/28,0,99,
2018/2/28,C,2.9,2018/2/28,1,101,
2018/2/28,C,2.95,2018/2/28,1,103,
2018/2/28,C,3,2018/2/28,1,104,
2018/2/28,C,3.1,2018/2/28,1,108,
2018/2/28,C,3.2,2018/2/28,1,111,
2018/2/28,C,3.3,2018/2/28,1,115,
2018/2/28,C,3.4,2018/2/28,1,118,
2018/2/28,C,3.5,2018/2/28,1,122,
2018/2/28,C,3.6,2018/2/28,1,125,
2018/2/28,C,2.455,2018/3/28,0,86,CON_OP_10000989
2018/2/28,C,2.504,2018/3/28,0.2455,87,CON_OP_10000987
2018/2/28,C,2.553,2018/3/28,0.2399,89,CON_OP_10000969
2018/2/28,C,2.6,2018/3/28,0.2305,91,CON_OP_10001237
2018/2/28,C,2.602,2018/3/28,0.3178,91,CON_OP_10000970
2018/2/28,C,2.65,2018/3/28,0.233,92,CON_OP_10001163
2018/2/28,C,2.651,2018/3/28,0.2416,92,CON_OP_10000971
2018/2/28,C,2.7,2018/3/28,0.237,94,CON_OP_10001137
2018/2/28,C,2.749,2018/3/28,0.2454,96,CON_OP_10000973
2018/2/28,C,2.75,2018/3/28,0.2324,96,CON_OP_10001129
2018/2/28,C,2.798,2018/3/28,0.2338,97,CON_OP_10000985
2018/2/28,C,2.8,2018/3/28,0.2327,98,CON_OP_10001105
2018/2/28,C,2.847,2018/3/28,0.2327,99,CON_OP_10001009
2018/2/28,C,2.85,2018/3/28,0.23,99,CON_OP_10001106
2018/2/28,C,2.896,2018/3/28,0.2291,101,CON_OP_10001039
2018/2/28,C,2.9,2018/3/28,0.2326,101,CON_OP_10001107
2018/2/28,C,2.946,2018/3/28,0.2372,103,CON_OP_10001047
2018/2/28,C,2.95,2018/3/28,0.2365,103,CON_OP_10001108
2018/2/28,C,3,2018/3/28,0.2387,104,CON_OP_10001109
2018/2/28,C,3.044,2018/3/28,0.2456,106,CON_OP_10001055
2018/2/28,C,3.1,2018/3/28,0.2554,108,CON_OP_10001164
2018/2/28,C,3.142,2018/3/28,0.2608,109,CON_OP_10001063
2018/2/28,C,3.2,2018/3/28,0.2699,111,CON_OP_10001175
2018/2/28,C,3.24,2018/3/28,0.277,113,CON_OP_10001069
2018/2/28,C,3.3,2018/3/28,0.2929,115,CON_OP_10001183
2018/2/28,C,3.4,2018/3/28,0.3117,118,CON_OP_10001191
2018/2/28,C,3.5,2018/3/28,0.3327,122,CON_OP_10001199
2018/2/28,C,3.6,2018/3/28,0.3666,125,CON_OP_10001207
2018/2/28,C,2.6,2018/6/27,0.2366,91,CON_OP_10001239
2018/2/28,C,2.65,2018/6/27,0.2453,92,CON_OP_10001167
2018/2/28,C,2.651,2018/6/27,0.2417,92,CON_OP_10001025
2018/2/28,C,2.7,2018/6/27,0.2294,94,CON_OP_10001139
2018/2/28,C,2.749,2018/6/27,0.2306,96,CON_OP_10001027
2018/2/28,C,2.75,2018/6/27,0.2339,96,CON_OP_10001131
2018/2/28,C,2.798,2018/6/27,0.2415,97,CON_OP_10001028
2018/2/28,C,2.8,2018/6/27,0.2282,98,CON_OP_10001115
2018/2/28,C,2.847,2018/6/27,0.2331,99,CON_OP_10001029
2018/2/28,C,2.85,2018/6/27,0.2265,99,CON_OP_10001116
2018/2/28,C,2.896,2018/6/27,0.2269,101,CON_OP_10001041
2018/2/28,C,2.9,2018/6/27,0.2248,101,CON_OP_10001117
2018/2/28,C,2.946,2018/6/27,0.2262,103,CON_OP_10001049
2018/2/28,C,2.95,2018/6/27,0.2261,103,CON_OP_10001118
2018/2/28,C,3,2018/6/27,0.2246,104,CON_OP_10001119
2018/2/28,C,3.044,2018/6/27,0.2258,106,CON_OP_10001057
2018/2/28,C,3.1,2018/6/27,0.2281,108,CON_OP_10001168
2018/2/28,C,3.142,2018/6/27,0.2309,109,CON_OP_10001065
2018/2/28,C,3.2,2018/6/27,0.2341,111,CON_OP_10001177
2018/2/28,C,3.24,2018/6/27,0.2371,113,CON_OP_10001071
2018/2/28,C,3.3,2018/6/27,0.2404,115,CON_OP_10001185
2018/2/28,C,3.4,2018/6/27,0.2491,118,CON_OP_10001193
2018/2/28,C,3.5,2018/6/27,0.2598,122,CON_OP_10001201
2018/2/28,C,3.6,2018/6/27,0.2693,125,CON_OP_10001209
2018/2/28,P,2.6,2018/2/28,1,91,
2018/2/28,P,2.65,2018/2/28,1,92,
2018/2/28,P,2.7,2018/2/28,1,94,
2018/2/28,P,2.75,2018/2/28,1,96,
2018/2/28,P,2.8,2018/2/28,1,98,
2018/2/28,P,2.85,2018/2/28,1,99,
2018/2/28,P,2.9,2018/2/28,0,101,
2018/2/28,P,2.95,2018/2/28,1,103,
2018/2/28,P,3,2018/2/28,0,104,
2018/2/28,P,3.1,2018/2/28,1,108,
2018/2/28,P,3.2,2018/2/28,1,111,
2018/2/28,P,3.3,2018/2/28,0,115,
2018/2/28,P,3.4,2018/2/28,1,118,
2018/2/28,P,3.5,2018/2/28,0,122,
2018/2/28,P,3.6,2018/2/28,1,125,
2018/2/28,P,2.455,2018/3/28,0.3426,86,CON_OP_10000990
2018/2/28,P,2.504,2018/3/28,0.3323,87,CON_OP_10000988
2018/2/28,P,2.553,2018/3/28,0.3077,89,CON_OP_10000974
2018/2/28,P,2.6,2018/3/28,0.3025,91,CON_OP_10001238
2018/2/28,P,2.602,2018/3/28,0.2988,91,CON_OP_10000975
2018/2/28,P,2.65,2018/3/28,0.2877,92,CON_OP_10001165
2018/2/28,P,2.651,2018/3/28,0.2787,92,CON_OP_10000976
2018/2/28,P,2.7,2018/3/28,0.2735,94,CON_OP_10001138
2018/2/28,P,2.749,2018/3/28,0.262,96,CON_OP_10000978
2018/2/28,P,2.75,2018/3/28,0.2633,96,CON_OP_10001130
2018/2/28,P,2.798,2018/3/28,0.2564,97,CON_OP_10000986
2018/2/28,P,2.8,2018/3/28,0.2612,98,CON_OP_10001110
2018/2/28,P,2.847,2018/3/28,0.254,99,CON_OP_10001010
2018/2/28,P,2.85,2018/3/28,0.2558,99,CON_OP_10001111
2018/2/28,P,2.896,2018/3/28,0.2568,101,CON_OP_10001040
2018/2/28,P,2.9,2018/3/28,0.254,101,CON_OP_10001112
2018/2/28,P,2.946,2018/3/28,0.259,103,CON_OP_10001048
2018/2/28,P,2.95,2018/3/28,0.2611,103,CON_OP_10001113
2018/2/28,P,3,2018/3/28,0.2734,104,CON_OP_10001114
2018/2/28,P,3.044,2018/3/28,0.275,106,CON_OP_10001056
2018/2/28,P,3.1,2018/3/28,0.2947,108,CON_OP_10001166
2018/2/28,P,3.142,2018/3/28,0.2943,109,CON_OP_10001064
2018/2/28,P,3.2,2018/3/28,0.3297,111,CON_OP_10001176
2018/2/28,P,3.24,2018/3/28,0,113,CON_OP_10001070
2018/2/28,P,3.3,2018/3/28,0.3525,115,CON_OP_10001184
2018/2/28,P,3.4,2018/3/28,0.4024,118,CON_OP_10001192
2018/2/28,P,3.5,2018/3/28,0.4408,122,CON_OP_10001200
2018/2/28,P,3.6,2018/3/28,0.4684,125,CON_OP_10001208
2018/2/28,P,2.6,2018/6/27,0.24,91,CON_OP_10001240
2018/2/28,P,2.65,2018/6/27,0.2368,92,CON_OP_10001169
2018/2/28,P,2.651,2018/6/27,0.2375,92,CON_OP_10001030
2018/2/28,P,2.7,2018/6/27,0.2342,94,CON_OP_10001140
2018/2/28,P,2.749,2018/6/27,0.2285,96,CON_OP_10001032
2018/2/28,P,2.75,2018/6/27,0.2302,96,CON_OP_10001132
2018/2/28,P,2.798,2018/6/27,0.2287,97,CON_OP_10001033
2018/2/28,P,2.8,2018/6/27,0.2288,98,CON_OP_10001120
2018/2/28,P,2.847,2018/6/27,0.2263,99,CON_OP_10001034
2018/2/28,P,2.85,2018/6/27,0.2287,99,CON_OP_10001121
2018/2/28,P,2.896,2018/6/27,0.224,101,CON_OP_10001042
2018/2/28,P,2.9,2018/6/27,0.227,101,CON_OP_10001122
2018/2/28,P,2.946,2018/6/27,0.2234,103,CON_OP_10001050
2018/2/28,P,2.95,2018/6/27,0.225,103,CON_OP_10001123
2018/2/28,P,3,2018/6/27,0.2268,104,CON_OP_10001124
2018/2/28,P,3.044,2018/6/27,0.227,106,CON_OP_10001058
2018/2/28,P,3.1,2018/6/27,0.2287,108,CON_OP_10001170
2018/2/28,P,3.142,2018/6/27,0.2329,109,CON_OP_10001066
2018/2/28,P,3.2,2018/6/27,0.2333,111,CON_OP_10001178
2018/2/28,P,3.24,2018/6/27,0.2083,113,CON_OP_10001072
2018/2/28,P,3.3,2018/6/27,0.2464,115,CON_OP_10001186
2018/2/28,P,3.4,2018/6/27,0.2531,118,CON_OP_10001194
2018/2/28,P,3.5,2018/6/27,0.2605,122,CON_OP_10001202
2018/2/28,P,3.6,2018/6/27,0.2852,125,CON_OP_10001210
2018/3/1,C,2.455,2018/3/28,0.2904,85,CON_OP_10000989
2018/3/1,C,2.504,2018/3/28,0.2463,87,CON_OP_10000987
2018/3/1,C,2.553,2018/3/28,0.2493,89,CON_OP_10000969
2018/3/1,C,2.6,2018/3/28,0.2179,90,CON_OP_10001237
2018/3/1,C,2.602,2018/3/28,0.2515,90,CON_OP_10000970
2018/3/1,C,2.65,2018/3/28,0.2454,92,CON_OP_10001163
2018/3/1,C,2.651,2018/3/28,0.239,92,CON_OP_10000971
2018/3/1,C,2.7,2018/3/28,0.2342,94,CON_OP_10001137
2018/3/1,C,2.749,2018/3/28,0.2219,95,CON_OP_10000973
2018/3/1,C,2.75,2018/3/28,0.2265,95,CON_OP_10001129
2018/3/1,C,2.798,2018/3/28,0.2312,97,CON_OP_10000985
2018/3/1,C,2.8,2018/3/28,0.2326,97,CON_OP_10001105
2018/3/1,C,2.847,2018/3/28,0.2287,99,CON_OP_10001009
2018/3/1,C,2.85,2018/3/28,0.2312,99,CON_OP_10001106
2018/3/1,C,2.896,2018/3/28,0.2227,100,CON_OP_10001039
2018/3/1,C,2.9,2018/3/28,0.2163,101,CON_OP_10001107
2018/3/1,C,2.946,2018/3/28,0.2232,102,CON_OP_10001047
2018/3/1,C,2.95,2018/3/28,0.225,102,CON_OP_10001108
2018/3/1,C,3,2018/3/28,0.2295,104,CON_OP_10001109
2018/3/1,C,3.044,2018/3/28,0.2303,106,CON_OP_10001055
2018/3/1,C,3.1,2018/3/28,0.242,107,CON_OP_10001164
2018/3/1,C,3.142,2018/3/28,0.2469,109,CON_OP_10001063
2018/3/1,C,3.2,2018/3/28,0.2532,111,CON_OP_10001175
2018/3/1,C,3.24,2018/3/28,0.2593,112,CON_OP_10001069
2018/3/1,C,3.3,2018/3/28,0.2733,114,CON_OP_10001183
2018/3/1,C,3.4,2018/3/28,0.2916,118,CON_OP_10001191
2018/3/1,C,3.5,2018/3/28,0.3235,121,CON_OP_10001199
2018/3/1,C,3.6,2018/3/28,0.3636,125,CON_OP_10001207
2018/3/1,C,2.65,2018/4/25,0.2384,92,CON_OP_10001247
2018/3/1,C,2.7,2018/4/25,0.2343,94,CON_OP_10001248
2018/3/1,C,2.75,2018/4/25,0.229,95,CON_OP_10001249
2018/3/1,C,2.8,2018/4/25,0.2196,97,CON_OP_10001250
2018/3/1,C,2.85,2018/4/25,0.2167,99,CON_OP_10001251
2018/3/1,C,2.9,2018/4/25,0.2175,101,CON_OP_10001252
2018/3/1,C,2.95,2018/4/25,0.2178,102,CON_OP_10001253
2018/3/1,C,3,2018/4/25,0.2199,104,CON_OP_10001254
2018/3/1,C,3.1,2018/4/25,0.2262,107,CON_OP_10001255
2018/3/1,C,2.6,2018/6/27,0.2311,90,CON_OP_10001239
2018/3/1,C,2.65,2018/6/27,0.2194,92,CON_OP_10001167
2018/3/1,C,2.651,2018/6/27,0.2332,92,CON_OP_10001025
2018/3/1,C,2.7,2018/6/27,0.2224,94,CON_OP_10001139
2018/3/1,C,2.749,2018/6/27,0.2322,95,CON_OP_10001027
2018/3/1,C,2.75,2018/6/27,0.2234,95,CON_OP_10001131
2018/3/1,C,2.798,2018/6/27,0.2303,97,CON_OP_10001028
2018/3/1,C,2.8,2018/6/27,0.2199,97,CON_OP_10001115
2018/3/1,C,2.847,2018/6/27,0.2194,99,CON_OP_10001029
2018/3/1,C,2.85,2018/6/27,0.215,99,CON_OP_10001116
2018/3/1,C,2.896,2018/6/27,0.2195,100,CON_OP_10001041
2018/3/1,C,2.9,2018/6/27,0.2131,101,CON_OP_10001117
2018/3/1,C,2.946,2018/6/27,0.2191,102,CON_OP_10001049
2018/3/1,C,2.95,2018/6/27,0.2175,102,CON_OP_10001118
2018/3/1,C,3,2018/6/27,0.2145,104,CON_OP_10001119
2018/3/1,C,3.044,2018/6/27,0.2188,106,CON_OP_10001057
2018/3/1,C,3.1,2018/6/27,0.2206,107,CON_OP_10001168
2018/3/1,C,3.142,2018/6/27,0.2232,109,CON_OP_10001065
2018/3/1,C,3.2,2018/6/27,0.224,111,CON_OP_10001177
2018/3/1,C,3.24,2018/6/27,0.2281,112,CON_OP_10001071
2018/3/1,C,3.3,2018/6/27,0.2319,114,CON_OP_10001185
2018/3/1,C,3.4,2018/6/27,0.2407,118,CON_OP_10001193
2018/3/1,C,3.5,2018/6/27,0.2497,121,CON_OP_10001201
2018/3/1,C,3.6,2018/6/27,0.2595,125,CON_OP_10001209
2018/3/1,C,2.6,2018/9/26,0.1894,90,CON_OP_10001241
2018/3/1,C,2.65,2018/9/26,0.191,92,CON_OP_10001242
2018/3/1,C,2.7,2018/9/26,0.1972,94,CON_OP_10001243
2018/3/1,C,2.75,2018/9/26,0.1984,95,CON_OP_10001233
2018/3/1,C,2.8,2018/9/26,0.1963,97,CON_OP_10001231
2018/3/1,C,2.85,2018/9/26,0.1975,99,CON_OP_10001229
2018/3/1,C,2.9,2018/9/26,0.2013,101,CON_OP_10001211
2018/3/1,C,2.95,2018/9/26,0.2026,102,CON_OP_10001212
2018/3/1,C,3,2018/9/26,0.2039,104,CON_OP_10001213
2018/3/1,C,3.1,2018/9/26,0.2062,107,CON_OP_10001214
2018/3/1,C,3.2,2018/9/26,0.2088,111,CON_OP_10001215
2018/3/1,C,3.3,2018/9/26,0.2132,114,CON_OP_10001216
2018/3/1,C,3.4,2018/9/26,0.2206,118,CON_OP_10001217
2018/3/1,C,3.5,2018/9/26,0.224,121,CON_OP_10001218
2018/3/1,C,3.6,2018/9/26,0.2317,125,CON_OP_10001219
2018/3/1,P,2.455,2018/3/28,0.3188,85,CON_OP_10000990
2018/3/1,P,2.504,2018/3/28,0.3019,87,CON_OP_10000988
2018/3/1,P,2.553,2018/3/28,0.2868,89,CON_OP_10000974
2018/3/1,P,2.6,2018/3/28,0.2761,90,CON_OP_10001238
2018/3/1,P,2.602,2018/3/28,0.2782,90,CON_OP_10000975
2018/3/1,P,2.65,2018/3/28,0.2635,92,CON_OP_10001165
2018/3/1,P,2.651,2018/3/28,0.2626,92,CON_OP_10000976
2018/3/1,P,2.7,2018/3/28,0.255,94,CON_OP_10001138
2018/3/1,P,2.749,2018/3/28,0.2455,95,CON_OP_10000978
2018/3/1,P,2.75,2018/3/28,0.248,95,CON_OP_10001130
2018/3/1,P,2.798,2018/3/28,0.2404,97,CON_OP_10000986
2018/3/1,P,2.8,2018/3/28,0.241,97,CON_OP_10001110
2018/3/1,P,2.847,2018/3/28,0.2367,99,CON_OP_10001010
2018/3/1,P,2.85,2018/3/28,0.2336,99,CON_OP_10001111
2018/3/1,P,2.896,2018/3/28,0.2379,100,CON_OP_10001040
2018/3/1,P,2.9,2018/3/28,0.2277,101,CON_OP_10001112
2018/3/1,P,2.946,2018/3/28,0.2417,102,CON_OP_10001048
2018/3/1,P,2.95,2018/3/28,0.239,102,CON_OP_10001113
2018/3/1,P,3,2018/3/28,0.2426,104,CON_OP_10001114
2018/3/1,P,3.044,2018/3/28,0.229,106,CON_OP_10001056
2018/3/1,P,3.1,2018/3/28,0.2579,107,CON_OP_10001166
2018/3/1,P,3.142,2018/3/28,0.2475,109,CON_OP_10001064
2018/3/1,P,3.2,2018/3/28,0.3028,111,CON_OP_10001176
2018/3/1,P,3.24,2018/3/28,0.2601,112,CON_OP_10001070
2018/3/1,P,3.3,2018/3/28,0.2769,114,CON_OP_10001184
2018/3/1,P,3.4,2018/3/28,0.2741,118,CON_OP_10001192
2018/3/1,P,3.5,2018/3/28,0.2897,121,CON_OP_10001200
2018/3/1,P,3.6,2018/3/28,0,125,CON_OP_10001208
2018/3/1,P,2.65,2018/4/25,0.2456,92,CON_OP_10001256
2018/3/1,P,2.7,2018/4/25,0.2372,94,CON_OP_10001257
2018/3/1,P,2.75,2018/4/25,0.2349,95,CON_OP_10001258
2018/3/1,P,2.8,2018/4/25,0.2323,97,CON_OP_10001259
2018/3/1,P,2.85,2018/4/25,0.2306,99,CON_OP_10001260
2018/3/1,P,2.9,2018/4/25,0.2328,101,CON_OP_10001261
2018/3/1,P,2.95,2018/4/25,0.2199,102,CON_OP_10001262
2018/3/1,P,3,2018/4/25,0.2332,104,CON_OP_10001263
2018/3/1,P,3.1,2018/4/25,0.2435,107,CON_OP_10001264
2018/3/1,P,2.6,2018/6/27,0.233,90,CON_OP_10001240
2018/3/1,P,2.65,2018/6/27,0.2285,92,CON_OP_10001169
2018/3/1,P,2.651,2018/6/27,0.2299,92,CON_OP_10001030
2018/3/1,P,2.7,2018/6/27,0.2273,94,CON_OP_10001140
2018/3/1,P,2.749,2018/6/27,0.2216,95,CON_OP_10001032
2018/3/1,P,2.75,2018/6/27,0.2235,95,CON_OP_10001132
2018/3/1,P,2.798,2018/6/27,0.223,97,CON_OP_10001033
2018/3/1,P,2.8,2018/6/27,0.223,97,CON_OP_10001120
2018/3/1,P,2.847,2018/6/27,0.2208,99,CON_OP_10001034
2018/3/1,P,2.85,2018/6/27,0.2215,99,CON_OP_10001121
2018/3/1,P,2.896,2018/6/27,0.2209,100,CON_OP_10001042
2018/3/1,P,2.9,2018/6/27,0.2194,101,CON_OP_10001122
2018/3/1,P,2.946,2018/6/27,0.2203,102,CON_OP_10001050
2018/3/1,P,2.95,2018/6/27,0.2201,102,CON_OP_10001123
2018/3/1,P,3,2018/6/27,0.2182,104,CON_OP_10001124
2018/3/1,P,3.044,2018/6/27,0.2203,106,CON_OP_10001058
2018/3/1,P,3.1,2018/6/27,0.2253,107,CON_OP_10001170
2018/3/1,P,3.142,2018/6/27,0.2256,109,CON_OP_10001066
2018/3/1,P,3.2,2018/6/27,0.228,111,CON_OP_10001178
2018/3/1,P,3.24,2018/6/27,0.2357,112,CON_OP_10001072
2018/3/1,P,3.3,2018/6/27,0.2315,114,CON_OP_10001186
2018/3/1,P,3.4,2018/6/27,0.2385,118,CON_OP_10001194
2018/3/1,P,3.5,2018/6/27,0.2561,121,CON_OP_10001202
2018/3/1,P,3.6,2018/6/27,0.2732,125,CON_OP_10001210
2018/3/1,P,2.6,2018/9/26,0.2201,90,CON_OP_10001244
2018/3/1,P,2.65,2018/9/26,0.2186,92,CON_OP_10001245
2018/3/1,P,2.7,2018/9/26,0.218,94,CON_OP_10001246
2018/3/1,P,2.75,2018/9/26,0.2184,95,CON_OP_10001234
2018/3/1,P,2.8,2018/9/26,0.2174,97,CON_OP_10001232
2018/3/1,P,2.85,2018/9/26,0.2177,99,CON_OP_10001230
2018/3/1,P,2.9,2018/9/26,0.2191,101,CON_OP_10001220
2018/3/1,P,2.95,2018/9/26,0.2224,102,CON_OP_10001221
2018/3/1,P,3,2018/9/26,0.221,104,CON_OP_10001222
2018/3/1,P,3.1,2018/9/26,0.2261,107,CON_OP_10001223
2018/3/1,P,3.2,2018/9/26,0.2314,111,CON_OP_10001224
2018/3/1,P,3.3,2018/9/26,0.2387,114,CON_OP_10001225
2018/3/1,P,3.4,2018/9/26,0.2516,118,CON_OP_10001226
2018/3/1,P,3.5,2018/9/26,0.2567,121,CON_OP_10001227
2018/3/1,P,3.6,2018/9/26,0.2599,125,CON_OP_10001228
2018/3/2,C,2.455,2018/3/28,0.3188,86,CON_OP_10000989
2018/3/2,C,2.504,2018/3/28,0.3104,88,CON_OP_10000987
2018/3/2,C,2.553,2018/3/28,0.323,89,CON_OP_10000969
2018/3/2,C,2.6,2018/3/28,0.2705,91,CON_OP_10001237
2018/3/2,C,2.602,2018/3/28,0.2771,91,CON_OP_10000970
2018/3/2,C,2.65,2018/3/28,0.2481,93,CON_OP_10001163
2018/3/2,C,2.651,2018/3/28,0.2635,93,CON_OP_10000971
2018/3/2,C,2.7,2018/3/28,0.248,95,CON_OP_10001137
2018/3/2,C,2.749,2018/3/28,0.2392,96,CON_OP_10000973
2018/3/2,C,2.75,2018/3/28,0.2381,96,CON_OP_10001129
2018/3/2,C,2.798,2018/3/28,0.2295,98,CON_OP_10000985
2018/3/2,C,2.8,2018/3/28,0.2308,98,CON_OP_10001105
2018/3/2,C,2.847,2018/3/28,0.2253,100,CON_OP_10001009
2018/3/2,C,2.85,2018/3/28,0.2236,100,CON_OP_10001106
2018/3/2,C,2.896,2018/3/28,0.2241,101,CON_OP_10001039
2018/3/2,C,2.9,2018/3/28,0.2262,102,CON_OP_10001107
2018/3/2,C,2.946,2018/3/28,0.2229,103,CON_OP_10001047
2018/3/2,C,2.95,2018/3/28,0.2273,103,CON_OP_10001108
2018/3/2,C,3,2018/3/28,0.2299,105,CON_OP_10001109
2018/3/2,C,3.044,2018/3/28,0.2347,107,CON_OP_10001055
2018/3/2,C,3.1,2018/3/28,0.2405,109,CON_OP_10001164
2018/3/2,C,3.142,2018/3/28,0.2499,110,CON_OP_10001063
2018/3/2,C,3.2,2018/3/28,0.2544,112,CON_OP_10001175
2018/3/2,C,3.24,2018/3/28,0.2617,113,CON_OP_10001069
2018/3/2,C,3.3,2018/3/28,0.2807,116,CON_OP_10001183
2018/3/2,C,3.4,2018/3/28,0.3019,119,CON_OP_10001191
2018/3/2,C,3.5,2018/3/28,0.3413,123,CON_OP_10001199
2018/3/2,C,3.6,2018/3/28,0.3817,126,CON_OP_10001207
2018/3/2,C,2.65,2018/4/25,0.2267,93,CON_OP_10001247
2018/3/2,C,2.7,2018/4/25,0.2203,95,CON_OP_10001248
2018/3/2,C,2.75,2018/4/25,0.2148,96,CON_OP_10001249
2018/3/2,C,2.8,2018/4/25,0.214,98,CON_OP_10001250
2018/3/2,C,2.85,2018/4/25,0.2114,100,CON_OP_10001251
2018/3/2,C,2.9,2018/4/25,0.2125,102,CON_OP_10001252
2018/3/2,C,2.95,2018/4/25,0.2124,103,CON_OP_10001253
2018/3/2,C,3,2018/4/25,0.2137,105,CON_OP_10001254
2018/3/2,C,3.1,2018/4/25,0.2195,109,CON_OP_10001255
2018/3/2,C,3.2,2018/4/25,0.2278,112,CON_OP_10001265
2018/3/2,C,2.6,2018/6/27,0.2361,91,CON_OP_10001239
2018/3/2,C,2.65,2018/6/27,0.2337,93,CON_OP_10001167
2018/3/2,C,2.651,2018/6/27,0.2268,93,CON_OP_10001025
2018/3/2,C,2.7,2018/6/27,0.2245,95,CON_OP_10001139
2018/3/2,C,2.749,2018/6/27,0.2239,96,CON_OP_10001027
2018/3/2,C,2.75,2018/6/27,0.2176,96,CON_OP_10001131
2018/3/2,C,2.798,2018/6/27,0.2184,98,CON_OP_10001028
2018/3/2,C,2.8,2018/6/27,0.2167,98,CON_OP_10001115
2018/3/2,C,2.847,2018/6/27,0.2172,100,CON_OP_10001029
2018/3/2,C,2.85,2018/6/27,0.2136,100,CON_OP_10001116
2018/3/2,C,2.896,2018/6/27,0.2129,101,CON_OP_10001041
2018/3/2,C,2.9,2018/6/27,0.2119,102,CON_OP_10001117
2018/3/2,C,2.946,2018/6/27,0.2137,103,CON_OP_10001049
2018/3/2,C,2.95,2018/6/27,0.2129,103,CON_OP_10001118
2018/3/2,C,3,2018/6/27,0.2113,105,CON_OP_10001119
2018/3/2,C,3.044,2018/6/27,0.2144,107,CON_OP_10001057
2018/3/2,C,3.1,2018/6/27,0.2149,109,CON_OP_10001168
2018/3/2,C,3.142,2018/6/27,0.2172,110,CON_OP_10001065
2018/3/2,C,3.2,2018/6/27,0.2187,112,CON_OP_10001177
2018/3/2,C,3.24,2018/6/27,0.2225,113,CON_OP_10001071
2018/3/2,C,3.3,2018/6/27,0.2269,116,CON_OP_10001185
2018/3/2,C,3.4,2018/6/27,0.2364,119,CON_OP_10001193
2018/3/2,C,3.5,2018/6/27,0.2446,123,CON_OP_10001201
2018/3/2,C,3.6,2018/6/27,0.2576,126,CON_OP_10001209
2018/3/2,C,2.6,2018/9/26,0.1995,91,CON_OP_10001241
2018/3/2,C,2.65,2018/9/26,0.1955,93,CON_OP_10001242
2018/3/2,C,2.7,2018/9/26,0.1959,95,CON_OP_10001243
2018/3/2,C,2.75,2018/9/26,0.1976,96,CON_OP_10001233
2018/3/2,C,2.8,2018/9/26,0.2007,98,CON_OP_10001231
2018/3/2,C,2.85,2018/9/26,0.1995,100,CON_OP_10001229
2018/3/2,C,2.9,2018/9/26,0.2018,102,CON_OP_10001211
2018/3/2,C,2.95,2018/9/26,0.2021,103,CON_OP_10001212
2018/3/2,C,3,2018/9/26,0.205,105,CON_OP_10001213
2018/3/2,C,3.1,2018/9/26,0.2109,109,CON_OP_10001214
2018/3/2,C,3.2,2018/9/26,0.2114,112,CON_OP_10001215
2018/3/2,C,3.3,2018/9/26,0.2183,116,CON_OP_10001216
2018/3/2,C,3.4,2018/9/26,0.2211,119,CON_OP_10001217
2018/3/2,C,3.5,2018/9/26,0.2271,123,CON_OP_10001218
2018/3/2,C,3.6,2018/9/26,0.2356,126,CON_OP_10001219
2018/3/2,P,2.455,2018/3/28,0.3147,86,CON_OP_10000990
2018/3/2,P,2.504,2018/3/28,0.2968,88,CON_OP_10000988
2018/3/2,P,2.553,2018/3/28,0.2812,89,CON_OP_10000974
2018/3/2,P,2.6,2018/3/28,0.2738,91,CON_OP_10001238
2018/3/2,P,2.602,2018/3/28,0.2738,91,CON_OP_10000975
2018/3/2,P,2.65,2018/3/28,0.2589,93,CON_OP_10001165
2018/3/2,P,2.651,2018/3/28,0.2599,93,CON_OP_10000976
2018/3/2,P,2.7,2018/3/28,0.2479,95,CON_OP_10001138
2018/3/2,P,2.749,2018/3/28,0.2389,96,CON_OP_10000978
2018/3/2,P,2.75,2018/3/28,0.2419,96,CON_OP_10001130
2018/3/2,P,2.798,2018/3/28,0.2368,98,CON_OP_10000986
2018/3/2,P,2.8,2018/3/28,0.2353,98,CON_OP_10001110
2018/3/2,P,2.847,2018/3/28,0.2293,100,CON_OP_10001010
2018/3/2,P,2.85,2018/3/28,0.2335,100,CON_OP_10001111
2018/3/2,P,2.896,2018/3/28,0.2272,101,CON_OP_10001040
2018/3/2,P,2.9,2018/3/28,0.2277,102,CON_OP_10001112
2018/3/2,P,2.946,2018/3/28,0.2294,103,CON_OP_10001048
2018/3/2,P,2.95,2018/3/28,0.2309,103,CON_OP_10001113
2018/3/2,P,3,2018/3/28,0.236,105,CON_OP_10001114
2018/3/2,P,3.044,2018/3/28,0.2421,107,CON_OP_10001056
2018/3/2,P,3.1,2018/3/28,0.2379,109,CON_OP_10001166
2018/3/2,P,3.142,2018/3/28,0.2605,110,CON_OP_10001064
2018/3/2,P,3.2,2018/3/28,0.2728,112,CON_OP_10001176
2018/3/2,P,3.24,2018/3/28,0.2574,113,CON_OP_10001070
2018/3/2,P,3.3,2018/3/28,0.2805,116,CON_OP_10001184
2018/3/2,P,3.4,2018/3/28,0,119,CON_OP_10001192
2018/3/2,P,3.5,2018/3/28,0.3814,123,CON_OP_10001200
2018/3/2,P,3.6,2018/3/28,0,126,CON_OP_10001208
2018/3/2,P,2.65,2018/4/25,0.234,93,CON_OP_10001256
2018/3/2,P,2.7,2018/4/25,0.2289,95,CON_OP_10001257
2018/3/2,P,2.75,2018/4/25,0.2263,96,CON_OP_10001258
2018/3/2,P,2.8,2018/4/25,0.223,98,CON_OP_10001259
2018/3/2,P,2.85,2018/4/25,0.2273,100,CON_OP_10001260
2018/3/2,P,2.9,2018/4/25,0.2237,102,CON_OP_10001261
2018/3/2,P,2.95,2018/4/25,0.2155,103,CON_OP_10001262
2018/3/2,P,3,2018/4/25,0.2191,105,CON_OP_10001263
2018/3/2,P,3.1,2018/4/25,0.2292,109,CON_OP_10001264
2018/3/2,P,3.2,2018/4/25,0.2388,112,CON_OP_10001266
2018/3/2,P,2.6,2018/6/27,0.2266,91,CON_OP_10001240
2018/3/2,P,2.65,2018/6/27,0.2213,93,CON_OP_10001169
2018/3/2,P,2.651,2018/6/27,0.222,93,CON_OP_10001030
2018/3/2,P,2.7,2018/6/27,0.2189,95,CON_OP_10001140
2018/3/2,P,2.749,2018/6/27,0.2102,96,CON_OP_10001032
2018/3/2,P,2.75,2018/6/27,0.2173,96,CON_OP_10001132
2018/3/2,P,2.798,2018/6/27,0.2135,98,CON_OP_10001033
2018/3/2,P,2.8,2018/6/27,0.215,98,CON_OP_10001120
2018/3/2,P,2.847,2018/6/27,0.2083,100,CON_OP_10001034
2018/3/2,P,2.85,2018/6/27,0.2129,100,CON_OP_10001121
2018/3/2,P,2.896,2018/6/27,0.2095,101,CON_OP_10001042
2018/3/2,P,2.9,2018/6/27,0.2094,102,CON_OP_10001122
2018/3/2,P,2.946,2018/6/27,0.2083,103,CON_OP_10001050
2018/3/2,P,2.95,2018/6/27,0.2086,103,CON_OP_10001123
2018/3/2,P,3,2018/6/27,0.2097,105,CON_OP_10001124
2018/3/2,P,3.044,2018/6/27,0.2054,107,CON_OP_10001058
2018/3/2,P,3.1,2018/6/27,0.208,109,CON_OP_10001170
2018/3/2,P,3.142,2018/6/27,0.2069,110,CON_OP_10001066
2018/3/2,P,3.2,2018/6/27,0.212,112,CON_OP_10001178
2018/3/2,P,3.24,2018/6/27,0.2169,113,CON_OP_10001072
2018/3/2,P,3.3,2018/6/27,0.2213,116,CON_OP_10001186
2018/3/2,P,3.4,2018/6/27,0.208,119,CON_OP_10001194
2018/3/2,P,3.5,2018/6/27,0.2335,123,CON_OP_10001202
2018/3/2,P,3.6,2018/6/27,0.2557,126,CON_OP_10001210
2018/3/2,P,2.6,2018/9/26,0.2144,91,CON_OP_10001244
2018/3/2,P,2.65,2018/9/26,0.2132,93,CON_OP_10001245
2018/3/2,P,2.7,2018/9/26,0.2142,95,CON_OP_10001246
2018/3/2,P,2.75,2018/9/26,0.212,96,CON_OP_10001234
2018/3/2,P,2.8,2018/9/26,0.2141,98,CON_OP_10001232
2018/3/2,P,2.85,2018/9/26,0.2128,100,CON_OP_10001230
2018/3/2,P,2.9,2018/9/26,0.2139,102,CON_OP_10001220
2018/3/2,P,2.95,2018/9/26,0.2186,103,CON_OP_10001221
2018/3/2,P,3,2018/9/26,0.2186,105,CON_OP_10001222
2018/3/2,P,3.1,2018/9/26,0.2225,109,CON_OP_10001223
2018/3/2,P,3.2,2018/9/26,0.2259,112,CON_OP_10001224
2018/3/2,P,3.3,2018/9/26,0.2319,116,CON_OP_10001225
2018/3/2,P,3.4,2018/9/26,0.2408,119,CON_OP_10001226
2018/3/2,P,3.5,2018/9/26,0.2496,123,CON_OP_10001227
2018/3/2,P,3.6,2018/9/26,0.2609,126,CON_OP_10001228
2018/3/5,C,2.455,2018/3/28,0.3161,86,CON_OP_10000989
2018/3/5,C,2.504,2018/3/28,0.2658,88,CON_OP_10000987
2018/3/5,C,2.553,2018/3/28,0.2833,89,CON_OP_10000969
2018/3/5,C,2.6,2018/3/28,0.2839,91,CON_OP_10001237
2018/3/5,C,2.602,2018/3/28,0.2606,91,CON_OP_10000970
2018/3/5,C,2.65,2018/3/28,0.2396,93,CON_OP_10001163
2018/3/5,C,2.651,2018/3/28,0.2443,93,CON_OP_10000971
2018/3/5,C,2.7,2018/3/28,0.2373,95,CON_OP_10001137
2018/3/5,C,2.749,2018/3/28,0.2271,96,CON_OP_10000973
2018/3/5,C,2.75,2018/3/28,0.2355,96,CON_OP_10001129
2018/3/5,C,2.798,2018/3/28,0.2205,98,CON_OP_10000985
2018/3/5,C,2.8,2018/3/28,0.2193,98,CON_OP_10001105
2018/3/5,C,2.847,2018/3/28,0.2158,100,CON_OP_10001009
2018/3/5,C,2.85,2018/3/28,0.2132,100,CON_OP_10001106
2018/3/5,C,2.896,2018/3/28,0.2145,101,CON_OP_10001039
2018/3/5,C,2.9,2018/3/28,0.2149,102,CON_OP_10001107
2018/3/5,C,2.946,2018/3/28,0.2163,103,CON_OP_10001047
2018/3/5,C,2.95,2018/3/28,0.2144,103,CON_OP_10001108
2018/3/5,C,3,2018/3/28,0.2165,105,CON_OP_10001109
2018/3/5,C,3.044,2018/3/28,0.223,107,CON_OP_10001055
2018/3/5,C,3.1,2018/3/28,0.2331,109,CON_OP_10001164
2018/3/5,C,3.142,2018/3/28,0.2397,110,CON_OP_10001063
2018/3/5,C,3.2,2018/3/28,0.2583,112,CON_OP_10001175
2018/3/5,C,3.24,2018/3/28,0.2621,113,CON_OP_10001069
2018/3/5,C,3.3,2018/3/28,0.2822,116,CON_OP_10001183
2018/3/5,C,3.4,2018/3/28,0.3121,119,CON_OP_10001191
2018/3/5,C,3.5,2018/3/28,0.3383,123,CON_OP_10001199
2018/3/5,C,3.6,2018/3/28,0.3942,126,CON_OP_10001207
2018/3/5,C,2.65,2018/4/25,0.2032,93,CON_OP_10001247
2018/3/5,C,2.7,2018/4/25,0.198,95,CON_OP_10001248
2018/3/5,C,2.75,2018/4/25,0.1962,96,CON_OP_10001249
2018/3/5,C,2.8,2018/4/25,0.1953,98,CON_OP_10001250
2018/3/5,C,2.85,2018/4/25,0.2001,100,CON_OP_10001251
2018/3/5,C,2.9,2018/4/25,0.1969,102,CON_OP_10001252
2018/3/5,C,2.95,2018/4/25,0.1979,103,CON_OP_10001253
2018/3/5,C,3,2018/4/25,0.2002,105,CON_OP_10001254
2018/3/5,C,3.1,2018/4/25,0.2055,109,CON_OP_10001255
2018/3/5,C,3.2,2018/4/25,0.2161,112,CON_OP_10001265
2018/3/5,C,2.6,2018/6/27,0.2094,91,CON_OP_10001239
2018/3/5,C,2.65,2018/6/27,0.2088,93,CON_OP_10001167
2018/3/5,C,2.651,2018/6/27,0.2095,93,CON_OP_10001025
2018/3/5,C,2.7,2018/6/27,0.2057,95,CON_OP_10001139
2018/3/5,C,2.749,2018/6/27,0.1962,96,CON_OP_10001027
2018/3/5,C,2.75,2018/6/27,0.1982,96,CON_OP_10001131
2018/3/5,C,2.798,2018/6/27,0.2017,98,CON_OP_10001028
2018/3/5,C,2.8,2018/6/27,0.1983,98,CON_OP_10001115
2018/3/5,C,2.847,2018/6/27,0.199,100,CON_OP_10001029
2018/3/5,C,2.85,2018/6/27,0.1964,100,CON_OP_10001116
2018/3/5,C,2.896,2018/6/27,0.199,101,CON_OP_10001041
2018/3/5,C,2.9,2018/6/27,0.1955,102,CON_OP_10001117
2018/3/5,C,2.946,2018/6/27,0.1994,103,CON_OP_10001049
2018/3/5,C,2.95,2018/6/27,0.1977,103,CON_OP_10001118
2018/3/5,C,3,2018/6/27,0.1995,105,CON_OP_10001119
2018/3/5,C,3.044,2018/6/27,0.2021,107,CON_OP_10001057
2018/3/5,C,3.1,2018/6/27,0.2037,109,CON_OP_10001168
2018/3/5,C,3.142,2018/6/27,0.2078,110,CON_OP_10001065
2018/3/5,C,3.2,2018/6/27,0.2099,112,CON_OP_10001177
2018/3/5,C,3.24,2018/6/27,0.2153,113,CON_OP_10001071
2018/3/5,C,3.3,2018/6/27,0.2181,116,CON_OP_10001185
2018/3/5,C,3.4,2018/6/27,0.2271,119,CON_OP_10001193
2018/3/5,C,3.5,2018/6/27,0.2385,123,CON_OP_10001201
2018/3/5,C,3.6,2018/6/27,0.252,126,CON_OP_10001209
2018/3/5,C,2.6,2018/9/26,0.1766,91,CON_OP_10001241
2018/3/5,C,2.65,2018/9/26,0.1813,93,CON_OP_10001242
2018/3/5,C,2.7,2018/9/26,0.1835,95,CON_OP_10001243
2018/3/5,C,2.75,2018/9/26,0.1821,96,CON_OP_10001233
2018/3/5,C,2.8,2018/9/26,0.1838,98,CON_OP_10001231
2018/3/5,C,2.85,2018/9/26,0.1857,100,CON_OP_10001229
2018/3/5,C,2.9,2018/9/26,0.1877,102,CON_OP_10001211
2018/3/5,C,2.95,2018/9/26,0.1903,103,CON_OP_10001212
2018/3/5,C,3,2018/9/26,0.1924,105,CON_OP_10001213
2018/3/5,C,3.1,2018/9/26,0.1971,109,CON_OP_10001214
2018/3/5,C,3.2,2018/9/26,0.2037,112,CON_OP_10001215
2018/3/5,C,3.3,2018/9/26,0.2095,116,CON_OP_10001216
2018/3/5,C,3.4,2018/9/26,0.2187,119,CON_OP_10001217
2018/3/5,C,3.5,2018/9/26,0.2242,123,CON_OP_10001218
2018/3/5,C,3.6,2018/9/26,0.2325,126,CON_OP_10001219
2018/3/5,P,2.455,2018/3/28,0.3227,86,CON_OP_10000990
2018/3/5,P,2.504,2018/3/28,0.3026,88,CON_OP_10000988
2018/3/5,P,2.553,2018/3/28,0.285,89,CON_OP_10000974
2018/3/5,P,2.6,2018/3/28,0.2768,91,CON_OP_10001238
2018/3/5,P,2.602,2018/3/28,0.2732,91,CON_OP_10000975
2018/3/5,P,2.65,2018/3/28,0.2588,93,CON_OP_10001165
2018/3/5,P,2.651,2018/3/28,0.2586,93,CON_OP_10000976
2018/3/5,P,2.7,2018/3/28,0.2475,95,CON_OP_10001138
2018/3/5,P,2.749,2018/3/28,0.2317,96,CON_OP_10000978
2018/3/5,P,2.75,2018/3/28,0.2315,96,CON_OP_10001130
2018/3/5,P,2.798,2018/3/28,0.2241,98,CON_OP_10000986
2018/3/5,P,2.8,2018/3/28,0.2221,98,CON_OP_10001110
2018/3/5,P,2.847,2018/3/28,0.2181,100,CON_OP_10001010
2018/3/5,P,2.85,2018/3/28,0.2201,100,CON_OP_10001111
2018/3/5,P,2.896,2018/3/28,0.2177,101,CON_OP_10001040
2018/3/5,P,2.9,2018/3/28,0.2227,102,CON_OP_10001112
2018/3/5,P,2.946,2018/3/28,0.2144,103,CON_OP_10001048
2018/3/5,P,2.95,2018/3/28,0.2125,103,CON_OP_10001113
2018/3/5,P,3,2018/3/28,0.2193,105,CON_OP_10001114
2018/3/5,P,3.044,2018/3/28,0.2177,107,CON_OP_10001056
2018/3/5,P,3.1,2018/3/28,0.2374,109,CON_OP_10001166
2018/3/5,P,3.142,2018/3/28,0.2305,110,CON_OP_10001064
2018/3/5,P,3.2,2018/3/28,0.2466,112,CON_OP_10001176
2018/3/5,P,3.24,2018/3/28,0.2252,113,CON_OP_10001070
2018/3/5,P,3.3,2018/3/28,0.2799,116,CON_OP_10001184
2018/3/5,P,3.4,2018/3/28,0.3796,119,CON_OP_10001192
2018/3/5,P,3.5,2018/3/28,0.313,123,CON_OP_10001200
2018/3/5,P,3.6,2018/3/28,0.3823,126,CON_OP_10001208
2018/3/5,P,2.65,2018/4/25,0.2307,93,CON_OP_10001256
2018/3/5,P,2.7,2018/4/25,0.2209,95,CON_OP_10001257
2018/3/5,P,2.75,2018/4/25,0.2156,96,CON_OP_10001258
2018/3/5,P,2.8,2018/4/25,0.2139,98,CON_OP_10001259
2018/3/5,P,2.85,2018/4/25,0.2145,100,CON_OP_10001260
2018/3/5,P,2.9,2018/4/25,0.215,102,CON_OP_10001261
2018/3/5,P,2.95,2018/4/25,0.2086,103,CON_OP_10001262
2018/3/5,P,3,2018/4/25,0.2165,105,CON_OP_10001263
2018/3/5,P,3.1,2018/4/25,0.2321,109,CON_OP_10001264
2018/3/5,P,3.2,2018/4/25,0.2545,112,CON_OP_10001266
2018/3/5,P,2.6,2018/6/27,0.2211,91,CON_OP_10001240
2018/3/5,P,2.65,2018/6/27,0.2165,93,CON_OP_10001169
2018/3/5,P,2.651,2018/6/27,0.2164,93,CON_OP_10001030
2018/3/5,P,2.7,2018/6/27,0.2137,95,CON_OP_10001140
2018/3/5,P,2.749,2018/6/27,0.2089,96,CON_OP_10001032
2018/3/5,P,2.75,2018/6/27,0.21,96,CON_OP_10001132
2018/3/5,P,2.798,2018/6/27,0.207,98,CON_OP_10001033
2018/3/5,P,2.8,2018/6/27,0.2094,98,CON_OP_10001120
2018/3/5,P,2.847,2018/6/27,0.2067,100,CON_OP_10001034
2018/3/5,P,2.85,2018/6/27,0.2063,100,CON_OP_10001121
2018/3/5,P,2.896,2018/6/27,0.2065,101,CON_OP_10001042
2018/3/5,P,2.9,2018/6/27,0.2054,102,CON_OP_10001122
2018/3/5,P,2.946,2018/6/27,0.207,103,CON_OP_10001050
2018/3/5,P,2.95,2018/6/27,0.2066,103,CON_OP_10001123
2018/3/5,P,3,2018/6/27,0.2103,105,CON_OP_10001124
2018/3/5,P,3.044,2018/6/27,0.2094,107,CON_OP_10001058
2018/3/5,P,3.1,2018/6/27,0.2148,109,CON_OP_10001170
2018/3/5,P,3.142,2018/6/27,0.2146,110,CON_OP_10001066
2018/3/5,P,3.2,2018/6/27,0.2213,112,CON_OP_10001178
2018/3/5,P,3.24,2018/6/27,0.2224,113,CON_OP_10001072
2018/3/5,P,3.3,2018/6/27,0.2338,116,CON_OP_10001186
2018/3/5,P,3.4,2018/6/27,0.2533,119,CON_OP_10001194
2018/3/5,P,3.5,2018/6/27,0.2683,123,CON_OP_10001202
2018/3/5,P,3.6,2018/6/27,0.2736,126,CON_OP_10001210
2018/3/5,P,2.6,2018/9/26,0.2151,91,CON_OP_10001244
2018/3/5,P,2.65,2018/9/26,0.211,93,CON_OP_10001245
2018/3/5,P,2.7,2018/9/26,0.2106,95,CON_OP_10001246
2018/3/5,P,2.75,2018/9/26,0.2109,96,CON_OP_10001234
2018/3/5,P,2.8,2018/9/26,0.2117,98,CON_OP_10001232
2018/3/5,P,2.85,2018/9/26,0.2125,100,CON_OP_10001230
2018/3/5,P,2.9,2018/9/26,0.214,102,CON_OP_10001220
2018/3/5,P,2.95,2018/9/26,0.2183,103,CON_OP_10001221
2018/3/5,P,3,2018/9/26,0.2192,105,CON_OP_10001222
2018/3/5,P,3.1,2018/9/26,0.2235,109,CON_OP_10001223
2018/3/5,P,3.2,2018/9/26,0.2348,112,CON_OP_10001224
2018/3/5,P,3.3,2018/9/26,0.2448,116,CON_OP_10001225
2018/3/5,P,3.4,2018/9/26,0.2559,119,CON_OP_10001226
2018/3/5,P,3.5,2018/9/26,0.2624,123,CON_OP_10001227
2018/3/5,P,3.6,2018/9/26,0.2765,126,CON_OP_10001228
2018/3/6,C,2.455,2018/3/28,0,85,CON_OP_10000989
2018/3/6,C,2.504,2018/3/28,0,87,CON_OP_10000987
2018/3/6,C,2.553,2018/3/28,0.2281,88,CON_OP_10000969
2018/3/6,C,2.6,2018/3/28,0.2505,90,CON_OP_10001237
2018/3/6,C,2.602,2018/3/28,0,90,CON_OP_10000970
2018/3/6,C,2.65,2018/3/28,0.2383,92,CON_OP_10001163
2018/3/6,C,2.651,2018/3/28,0.2252,92,CON_OP_10000971
2018/3/6,C,2.7,2018/3/28,0.2201,93,CON_OP_10001137
2018/3/6,C,2.749,2018/3/28,0.1955,95,CON_OP_10000973
2018/3/6,C,2.75,2018/3/28,0.2284,95,CON_OP_10001129
2018/3/6,C,2.798,2018/3/28,0.2119,97,CON_OP_10000985
2018/3/6,C,2.8,2018/3/28,0.2078,97,CON_OP_10001105
2018/3/6,C,2.847,2018/3/28,0.198,99,CON_OP_10001009
2018/3/6,C,2.85,2018/3/28,0.2042,99,CON_OP_10001106
2018/3/6,C,2.896,2018/3/28,0.2019,100,CON_OP_10001039
2018/3/6,C,2.9,2018/3/28,0.203,100,CON_OP_10001107
2018/3/6,C,2.946,2018/3/28,0.203,102,CON_OP_10001047
2018/3/6,C,2.95,2018/3/28,0.2038,102,CON_OP_10001108
2018/3/6,C,3,2018/3/28,0.207,104,CON_OP_10001109
2018/3/6,C,3.044,2018/3/28,0.2091,105,CON_OP_10001055
2018/3/6,C,3.1,2018/3/28,0.2209,107,CON_OP_10001164
2018/3/6,C,3.142,2018/3/28,0.2273,109,CON_OP_10001063
2018/3/6,C,3.2,2018/3/28,0.2446,111,CON_OP_10001175
2018/3/6,C,3.24,2018/3/28,0.2509,112,CON_OP_10001069
2018/3/6,C,3.3,2018/3/28,0.2756,114,CON_OP_10001183
2018/3/6,C,3.4,2018/3/28,0.3104,118,CON_OP_10001191
2018/3/6,C,3.5,2018/3/28,0.338,121,CON_OP_10001199
2018/3/6,C,3.6,2018/3/28,0.3756,125,CON_OP_10001207
2018/3/6,C,2.65,2018/4/25,0.2237,92,CON_OP_10001247
2018/3/6,C,2.7,2018/4/25,0.2009,93,CON_OP_10001248
2018/3/6,C,2.75,2018/4/25,0.1968,95,CON_OP_10001249
2018/3/6,C,2.8,2018/4/25,0.194,97,CON_OP_10001250
2018/3/6,C,2.85,2018/4/25,0.1913,99,CON_OP_10001251
2018/3/6,C,2.9,2018/4/25,0.1891,100,CON_OP_10001252
2018/3/6,C,2.95,2018/4/25,0.1906,102,CON_OP_10001253
2018/3/6,C,3,2018/4/25,0.1928,104,CON_OP_10001254
2018/3/6,C,3.1,2018/4/25,0.2011,107,CON_OP_10001255
2018/3/6,C,3.2,2018/4/25,0.2123,111,CON_OP_10001265
2018/3/6,C,2.6,2018/6/27,0.2038,90,CON_OP_10001239
2018/3/6,C,2.65,2018/6/27,0.1946,92,CON_OP_10001167
2018/3/6,C,2.651,2018/6/27,0.1948,92,CON_OP_10001025
2018/3/6,C,2.7,2018/6/27,0.1869,93,CON_OP_10001139
2018/3/6,C,2.749,2018/6/27,0.1897,95,CON_OP_10001027
2018/3/6,C,2.75,2018/6/27,0.1914,95,CON_OP_10001131
2018/3/6,C,2.798,2018/6/27,0.1922,97,CON_OP_10001028
2018/3/6,C,2.8,2018/6/27,0.1984,97,CON_OP_10001115
2018/3/6,C,2.847,2018/6/27,0.1914,99,CON_OP_10001029
2018/3/6,C,2.85,2018/6/27,0.1953,99,CON_OP_10001116
2018/3/6,C,2.896,2018/6/27,0.19,100,CON_OP_10001041
2018/3/6,C,2.9,2018/6/27,0.1934,100,CON_OP_10001117
2018/3/6,C,2.946,2018/6/27,0.1921,102,CON_OP_10001049
2018/3/6,C,2.95,2018/6/27,0.1949,102,CON_OP_10001118
2018/3/6,C,3,2018/6/27,0.1951,104,CON_OP_10001119
2018/3/6,C,3.044,2018/6/27,0.1981,105,CON_OP_10001057
2018/3/6,C,3.1,2018/6/27,0.1999,107,CON_OP_10001168
2018/3/6,C,3.142,2018/6/27,0.201,109,CON_OP_10001065
2018/3/6,C,3.2,2018/6/27,0.2075,111,CON_OP_10001177
2018/3/6,C,3.24,2018/6/27,0.2124,112,CON_OP_10001071
2018/3/6,C,3.3,2018/6/27,0.2165,114,CON_OP_10001185
2018/3/6,C,3.4,2018/6/27,0.2234,118,CON_OP_10001193
2018/3/6,C,3.5,2018/6/27,0.2369,121,CON_OP_10001201
2018/3/6,C,3.6,2018/6/27,0.2505,125,CON_OP_10001209
2018/3/6,C,2.6,2018/9/26,0.176,90,CON_OP_10001241
2018/3/6,C,2.65,2018/9/26,0.1709,92,CON_OP_10001242
2018/3/6,C,2.7,2018/9/26,0.1681,93,CON_OP_10001243
2018/3/6,C,2.75,2018/9/26,0.1756,95,CON_OP_10001233
2018/3/6,C,2.8,2018/9/26,0.17,97,CON_OP_10001231
2018/3/6,C,2.85,2018/9/26,0.1823,99,CON_OP_10001229
2018/3/6,C,2.9,2018/9/26,0.1806,100,CON_OP_10001211
2018/3/6,C,2.95,2018/9/26,0.187,102,CON_OP_10001212
2018/3/6,C,3,2018/9/26,0.1863,104,CON_OP_10001213
2018/3/6,C,3.1,2018/9/26,0.1958,107,CON_OP_10001214
2018/3/6,C,3.2,2018/9/26,0.1997,111,CON_OP_10001215
2018/3/6,C,3.3,2018/9/26,0.2078,114,CON_OP_10001216
2018/3/6,C,3.4,2018/9/26,0.2162,118,CON_OP_10001217
2018/3/6,C,3.5,2018/9/26,0.2244,121,CON_OP_10001218
2018/3/6,C,3.6,2018/9/26,0.2321,125,CON_OP_10001219
2018/3/6,P,2.455,2018/3/28,0.3311,85,CON_OP_10000990
2018/3/6,P,2.504,2018/3/28,0.3021,87,CON_OP_10000988
2018/3/6,P,2.553,2018/3/28,0.2785,88,CON_OP_10000974
2018/3/6,P,2.6,2018/3/28,0.2699,90,CON_OP_10001238
2018/3/6,P,2.602,2018/3/28,0.2669,90,CON_OP_10000975
2018/3/6,P,2.65,2018/3/28,0.2491,92,CON_OP_10001165
2018/3/6,P,2.651,2018/3/28,0.2514,92,CON_OP_10000976
2018/3/6,P,2.7,2018/3/28,0.2345,93,CON_OP_10001138
2018/3/6,P,2.749,2018/3/28,0.2222,95,CON_OP_10000978
2018/3/6,P,2.75,2018/3/28,0.2206,95,CON_OP_10001130
2018/3/6,P,2.798,2018/3/28,0.2134,97,CON_OP_10000986
2018/3/6,P,2.8,2018/3/28,0.2106,97,CON_OP_10001110
2018/3/6,P,2.847,2018/3/28,0.2065,99,CON_OP_10001010
2018/3/6,P,2.85,2018/3/28,0.204,99,CON_OP_10001111
2018/3/6,P,2.896,2018/3/28,0.2075,100,CON_OP_10001040
2018/3/6,P,2.9,2018/3/28,0.1994,100,CON_OP_10001112
2018/3/6,P,2.946,2018/3/28,0.2049,102,CON_OP_10001048
2018/3/6,P,2.95,2018/3/28,0.203,102,CON_OP_10001113
2018/3/6,P,3,2018/3/28,0.2137,104,CON_OP_10001114
2018/3/6,P,3.044,2018/3/28,0.2142,105,CON_OP_10001056
2018/3/6,P,3.1,2018/3/28,0.2251,107,CON_OP_10001166
2018/3/6,P,3.142,2018/3/28,0.2319,109,CON_OP_10001064
2018/3/6,P,3.2,2018/3/28,0.2596,111,CON_OP_10001176
2018/3/6,P,3.24,2018/3/28,0.2712,112,CON_OP_10001070
2018/3/6,P,3.3,2018/3/28,0.311,114,CON_OP_10001184
2018/3/6,P,3.4,2018/3/28,0.4019,118,CON_OP_10001192
2018/3/6,P,3.5,2018/3/28,0.3834,121,CON_OP_10001200
2018/3/6,P,3.6,2018/3/28,0.3839,125,CON_OP_10001208
2018/3/6,P,2.65,2018/4/25,0.2277,92,CON_OP_10001256
2018/3/6,P,2.7,2018/4/25,0.2185,93,CON_OP_10001257
2018/3/6,P,2.75,2018/4/25,0.2113,95,CON_OP_10001258
2018/3/6,P,2.8,2018/4/25,0.2067,97,CON_OP_10001259
2018/3/6,P,2.85,2018/4/25,0.2032,99,CON_OP_10001260
2018/3/6,P,2.9,2018/4/25,0.1991,100,CON_OP_10001261
2018/3/6,P,2.95,2018/4/25,0.204,102,CON_OP_10001262
2018/3/6,P,3,2018/4/25,0.2025,104,CON_OP_10001263
2018/3/6,P,3.1,2018/4/25,0.2155,107,CON_OP_10001264
2018/3/6,P,3.2,2018/4/25,0.2349,111,CON_OP_10001266
2018/3/6,P,2.6,2018/6/27,0.2118,90,CON_OP_10001240
2018/3/6,P,2.65,2018/6/27,0.2069,92,CON_OP_10001169
2018/3/6,P,2.651,2018/6/27,0.2079,92,CON_OP_10001030
2018/3/6,P,2.7,2018/6/27,0.2046,93,CON_OP_10001140
2018/3/6,P,2.749,2018/6/27,0.203,95,CON_OP_10001032
2018/3/6,P,2.75,2018/6/27,0.2018,95,CON_OP_10001132
2018/3/6,P,2.798,2018/6/27,0.2023,97,CON_OP_10001033
2018/3/6,P,2.8,2018/6/27,0.2,97,CON_OP_10001120
2018/3/6,P,2.847,2018/6/27,0.2002,99,CON_OP_10001034
2018/3/6,P,2.85,2018/6/27,0.1998,99,CON_OP_10001121
2018/3/6,P,2.896,2018/6/27,0.2002,100,CON_OP_10001042
2018/3/6,P,2.9,2018/6/27,0.1971,100,CON_OP_10001122
2018/3/6,P,2.946,2018/6/27,0.2019,102,CON_OP_10001050
2018/3/6,P,2.95,2018/6/27,0.1979,102,CON_OP_10001123
2018/3/6,P,3,2018/6/27,0.2007,104,CON_OP_10001124
2018/3/6,P,3.044,2018/6/27,0.2035,105,CON_OP_10001058
2018/3/6,P,3.1,2018/6/27,0.2105,107,CON_OP_10001170
2018/3/6,P,3.142,2018/6/27,0.2163,109,CON_OP_10001066
2018/3/6,P,3.2,2018/6/27,0.2121,111,CON_OP_10001178
2018/3/6,P,3.24,2018/6/27,0.2276,112,CON_OP_10001072
2018/3/6,P,3.3,2018/6/27,0.2355,114,CON_OP_10001186
2018/3/6,P,3.4,2018/6/27,0.255,118,CON_OP_10001194
2018/3/6,P,3.5,2018/6/27,0.2343,121,CON_OP_10001202
2018/3/6,P,3.6,2018/6/27,0.2743,125,CON_OP_10001210
2018/3/6,P,2.6,2018/9/26,0.2146,90,CON_OP_10001244
2018/3/6,P,2.65,2018/9/26,0.2114,92,CON_OP_10001245
2018/3/6,P,2.7,2018/9/26,0.2124,93,CON_OP_10001246
2018/3/6,P,2.75,2018/9/26,0.2106,95,CON_OP_10001234
2018/3/6,P,2.8,2018/9/26,0.2113,97,CON_OP_10001232
2018/3/6,P,2.85,2018/9/26,0.2127,99,CON_OP_10001230
2018/3/6,P,2.9,2018/9/26,0.2111,100,CON_OP_10001220
2018/3/6,P,2.95,2018/9/26,0.2112,102,CON_OP_10001221
2018/3/6,P,3,2018/9/26,0.2126,104,CON_OP_10001222
2018/3/6,P,3.1,2018/9/26,0.2196,107,CON_OP_10001223
2018/3/6,P,3.2,2018/9/26,0.2316,111,CON_OP_10001224
2018/3/6,P,3.3,2018/9/26,0.2484,114,CON_OP_10001225
2018/3/6,P,3.4,2018/9/26,0.2585,118,CON_OP_10001226
2018/3/6,P,3.5,2018/9/26,0.2717,121,CON_OP_10001227
2018/3/6,P,3.6,2018/9/26,0.2779,125,CON_OP_10001228
2018/3/7,C,2.455,2018/3/28,0,86,CON_OP_10000989
2018/3/7,C,2.504,2018/3/28,0,87,CON_OP_10000987
2018/3/7,C,2.553,2018/3/28,0,89,CON_OP_10000969
2018/3/7,C,2.6,2018/3/28,0,91,CON_OP_10001237
2018/3/7,C,2.602,2018/3/28,0,91,CON_OP_10000970
2018/3/7,C,2.65,2018/3/28,0.2062,92,CON_OP_10001163
2018/3/7,C,2.651,2018/3/28,0.1664,92,CON_OP_10000971
2018/3/7,C,2.7,2018/3/28,0.2033,94,CON_OP_10001137
2018/3/7,C,2.749,2018/3/28,0.2088,96,CON_OP_10000973
2018/3/7,C,2.75,2018/3/28,0.1974,96,CON_OP_10001129
2018/3/7,C,2.798,2018/3/28,0.2078,97,CON_OP_10000985
2018/3/7,C,2.8,2018/3/28,0.2027,98,CON_OP_10001105
2018/3/7,C,2.847,2018/3/28,0.2042,99,CON_OP_10001009
2018/3/7,C,2.85,2018/3/28,0.2024,99,CON_OP_10001106
2018/3/7,C,2.896,2018/3/28,0.2061,101,CON_OP_10001039
2018/3/7,C,2.9,2018/3/28,0.2051,101,CON_OP_10001107
2018/3/7,C,2.946,2018/3/28,0.2108,103,CON_OP_10001047
2018/3/7,C,2.95,2018/3/28,0.2101,103,CON_OP_10001108
2018/3/7,C,3,2018/3/28,0.2159,104,CON_OP_10001109
2018/3/7,C,3.044,2018/3/28,0.2197,106,CON_OP_10001055
2018/3/7,C,3.1,2018/3/28,0.2323,108,CON_OP_10001164
2018/3/7,C,3.142,2018/3/28,0.2438,109,CON_OP_10001063
2018/3/7,C,3.2,2018/3/28,0.2596,111,CON_OP_10001175
2018/3/7,C,3.24,2018/3/28,0.2681,113,CON_OP_10001069
2018/3/7,C,3.3,2018/3/28,0.2906,115,CON_OP_10001183
2018/3/7,C,3.4,2018/3/28,0.3341,118,CON_OP_10001191
2018/3/7,C,3.5,2018/3/28,0.36,122,CON_OP_10001199
2018/3/7,C,3.6,2018/3/28,0.399,125,CON_OP_10001207
2018/3/7,C,2.65,2018/4/25,0.2024,92,CON_OP_10001247
2018/3/7,C,2.7,2018/4/25,0.2016,94,CON_OP_10001248
2018/3/7,C,2.75,2018/4/25,0.1974,96,CON_OP_10001249
2018/3/7,C,2.8,2018/4/25,0.1959,98,CON_OP_10001250
2018/3/7,C,2.85,2018/4/25,0.1981,99,CON_OP_10001251
2018/3/7,C,2.9,2018/4/25,0.1977,101,CON_OP_10001252
2018/3/7,C,2.95,2018/4/25,0.1999,103,CON_OP_10001253
2018/3/7,C,3,2018/4/25,0.2006,104,CON_OP_10001254
2018/3/7,C,3.1,2018/4/25,0.2088,108,CON_OP_10001255
2018/3/7,C,3.2,2018/4/25,0.2211,111,CON_OP_10001265
2018/3/7,C,2.6,2018/6/27,0.1773,91,CON_OP_10001239
2018/3/7,C,2.65,2018/6/27,0.1905,92,CON_OP_10001167
2018/3/7,C,2.651,2018/6/27,0.1934,92,CON_OP_10001025
2018/3/7,C,2.7,2018/6/27,0.1804,94,CON_OP_10001139
2018/3/7,C,2.749,2018/6/27,0.1832,96,CON_OP_10001027
2018/3/7,C,2.75,2018/6/27,0.1894,96,CON_OP_10001131
2018/3/7,C,2.798,2018/6/27,0.1949,97,CON_OP_10001028
2018/3/7,C,2.8,2018/6/27,0.1886,98,CON_OP_10001115
2018/3/7,C,2.847,2018/6/27,0.196,99,CON_OP_10001029
2018/3/7,C,2.85,2018/6/27,0.1905,99,CON_OP_10001116
2018/3/7,C,2.896,2018/6/27,0.1938,101,CON_OP_10001041
2018/3/7,C,2.9,2018/6/27,0.1915,101,CON_OP_10001117
2018/3/7,C,2.946,2018/6/27,0.1965,103,CON_OP_10001049
2018/3/7,C,2.95,2018/6/27,0.1968,103,CON_OP_10001118
2018/3/7,C,3,2018/6/27,0.2,104,CON_OP_10001119
2018/3/7,C,3.044,2018/6/27,0.2037,106,CON_OP_10001057
2018/3/7,C,3.1,2018/6/27,0.2079,108,CON_OP_10001168
2018/3/7,C,3.142,2018/6/27,0.2109,109,CON_OP_10001065
2018/3/7,C,3.2,2018/6/27,0.2163,111,CON_OP_10001177
2018/3/7,C,3.24,2018/6/27,0.2201,113,CON_OP_10001071
2018/3/7,C,3.3,2018/6/27,0.2255,115,CON_OP_10001185
2018/3/7,C,3.4,2018/6/27,0.2361,118,CON_OP_10001193
2018/3/7,C,3.5,2018/6/27,0.2463,122,CON_OP_10001201
2018/3/7,C,3.6,2018/6/27,0.2604,125,CON_OP_10001209
2018/3/7,C,2.6,2018/9/26,0.1634,91,CON_OP_10001241
2018/3/7,C,2.65,2018/9/26,0.1673,92,CON_OP_10001242
2018/3/7,C,2.7,2018/9/26,0.1698,94,CON_OP_10001243
2018/3/7,C,2.75,2018/9/26,0.1761,96,CON_OP_10001233
2018/3/7,C,2.8,2018/9/26,0.1749,98,CON_OP_10001231
2018/3/7,C,2.85,2018/9/26,0.1798,99,CON_OP_10001229
2018/3/7,C,2.9,2018/9/26,0.1817,101,CON_OP_10001211
2018/3/7,C,2.95,2018/9/26,0.1885,103,CON_OP_10001212
2018/3/7,C,3,2018/9/26,0.1883,104,CON_OP_10001213
2018/3/7,C,3.1,2018/9/26,0.1978,108,CON_OP_10001214
2018/3/7,C,3.2,2018/9/26,0.2008,111,CON_OP_10001215
2018/3/7,C,3.3,2018/9/26,0.211,115,CON_OP_10001216
2018/3/7,C,3.4,2018/9/26,0.2178,118,CON_OP_10001217
2018/3/7,C,3.5,2018/9/26,0.2273,122,CON_OP_10001218
2018/3/7,C,3.6,2018/9/26,0.2343,125,CON_OP_10001219
2018/3/7,P,2.455,2018/3/28,0.3315,86,CON_OP_10000990
2018/3/7,P,2.504,2018/3/28,0.3036,87,CON_OP_10000988
2018/3/7,P,2.553,2018/3/28,0.2853,89,CON_OP_10000974
2018/3/7,P,2.6,2018/3/28,0.2932,91,CON_OP_10001238
2018/3/7,P,2.602,2018/3/28,0.2717,91,CON_OP_10000975
2018/3/7,P,2.65,2018/3/28,0.2593,92,CON_OP_10001165
2018/3/7,P,2.651,2018/3/28,0.2548,92,CON_OP_10000976
2018/3/7,P,2.7,2018/3/28,0.2452,94,CON_OP_10001138
2018/3/7,P,2.749,2018/3/28,0.2332,96,CON_OP_10000978
2018/3/7,P,2.75,2018/3/28,0.2337,96,CON_OP_10001130
2018/3/7,P,2.798,2018/3/28,0.2259,97,CON_OP_10000986
2018/3/7,P,2.8,2018/3/28,0.2266,98,CON_OP_10001110
2018/3/7,P,2.847,2018/3/28,0.2205,99,CON_OP_10001010
2018/3/7,P,2.85,2018/3/28,0.2268,99,CON_OP_10001111
2018/3/7,P,2.896,2018/3/28,0.2242,101,CON_OP_10001040
2018/3/7,P,2.9,2018/3/28,0.2219,101,CON_OP_10001112
2018/3/7,P,2.946,2018/3/28,0.2278,103,CON_OP_10001048
2018/3/7,P,2.95,2018/3/28,0.2286,103,CON_OP_10001113
2018/3/7,P,3,2018/3/28,0.2332,104,CON_OP_10001114
2018/3/7,P,3.044,2018/3/28,0.2456,106,CON_OP_10001056
2018/3/7,P,3.1,2018/3/28,0.2827,108,CON_OP_10001166
2018/3/7,P,3.142,2018/3/28,0.2752,109,CON_OP_10001064
2018/3/7,P,3.2,2018/3/28,0.3211,111,CON_OP_10001176
2018/3/7,P,3.24,2018/3/28,0.3408,113,CON_OP_10001070
2018/3/7,P,3.3,2018/3/28,0.3396,115,CON_OP_10001184
2018/3/7,P,3.4,2018/3/28,0.4036,118,CON_OP_10001192
2018/3/7,P,3.5,2018/3/28,0.4742,122,CON_OP_10001200
2018/3/7,P,3.6,2018/3/28,0.5696,125,CON_OP_10001208
2018/3/7,P,2.65,2018/4/25,0.2313,92,CON_OP_10001256
2018/3/7,P,2.7,2018/4/25,0.2215,94,CON_OP_10001257
2018/3/7,P,2.75,2018/4/25,0.2181,96,CON_OP_10001258
2018/3/7,P,2.8,2018/4/25,0.214,98,CON_OP_10001259
2018/3/7,P,2.85,2018/4/25,0.2134,99,CON_OP_10001260
2018/3/7,P,2.9,2018/4/25,0.2145,101,CON_OP_10001261
2018/3/7,P,2.95,2018/4/25,0.2176,103,CON_OP_10001262
2018/3/7,P,3,2018/4/25,0.2193,104,CON_OP_10001263
2018/3/7,P,3.1,2018/4/25,0.2329,108,CON_OP_10001264
2018/3/7,P,3.2,2018/4/25,0.2567,111,CON_OP_10001266
2018/3/7,P,2.6,2018/6/27,0.2132,91,CON_OP_10001240
2018/3/7,P,2.65,2018/6/27,0.2102,92,CON_OP_10001169
2018/3/7,P,2.651,2018/6/27,0.2097,92,CON_OP_10001030
2018/3/7,P,2.7,2018/6/27,0.2067,94,CON_OP_10001140
2018/3/7,P,2.749,2018/6/27,0.2076,96,CON_OP_10001032
2018/3/7,P,2.75,2018/6/27,0.2049,96,CON_OP_10001132
2018/3/7,P,2.798,2018/6/27,0.2057,97,CON_OP_10001033
2018/3/7,P,2.8,2018/6/27,0.2068,98,CON_OP_10001120
2018/3/7,P,2.847,2018/6/27,0.2058,99,CON_OP_10001034
2018/3/7,P,2.85,2018/6/27,0.2067,99,CON_OP_10001121
2018/3/7,P,2.896,2018/6/27,0.2106,101,CON_OP_10001042
2018/3/7,P,2.9,2018/6/27,0.2061,101,CON_OP_10001122
2018/3/7,P,2.946,2018/6/27,0.2103,103,CON_OP_10001050
2018/3/7,P,2.95,2018/6/27,0.2085,103,CON_OP_10001123
2018/3/7,P,3,2018/6/27,0.2118,104,CON_OP_10001124
2018/3/7,P,3.044,2018/6/27,0.2156,106,CON_OP_10001058
2018/3/7,P,3.1,2018/6/27,0.2221,108,CON_OP_10001170
2018/3/7,P,3.142,2018/6/27,0.2297,109,CON_OP_10001066
2018/3/7,P,3.2,2018/6/27,0.2354,111,CON_OP_10001178
2018/3/7,P,3.24,2018/6/27,0.2448,113,CON_OP_10001072
2018/3/7,P,3.3,2018/6/27,0.2488,115,CON_OP_10001186
2018/3/7,P,3.4,2018/6/27,0.2638,118,CON_OP_10001194
2018/3/7,P,3.5,2018/6/27,0.2798,122,CON_OP_10001202
2018/3/7,P,3.6,2018/6/27,0.2888,125,CON_OP_10001210
2018/3/7,P,2.6,2018/9/26,0.2126,91,CON_OP_10001244
2018/3/7,P,2.65,2018/9/26,0.2108,92,CON_OP_10001245
2018/3/7,P,2.7,2018/9/26,0.2115,94,CON_OP_10001246
2018/3/7,P,2.75,2018/9/26,0.212,96,CON_OP_10001234
2018/3/7,P,2.8,2018/9/26,0.2104,98,CON_OP_10001232
2018/3/7,P,2.85,2018/9/26,0.2136,99,CON_OP_10001230
2018/3/7,P,2.9,2018/9/26,0.2143,101,CON_OP_10001220
2018/3/7,P,2.95,2018/9/26,0.2178,103,CON_OP_10001221
2018/3/7,P,3,2018/9/26,0.2215,104,CON_OP_10001222
2018/3/7,P,3.1,2018/9/26,0.2252,108,CON_OP_10001223
2018/3/7,P,3.2,2018/9/26,0.2265,111,CON_OP_10001224
2018/3/7,P,3.3,2018/9/26,0.2443,115,CON_OP_10001225
2018/3/7,P,3.4,2018/9/26,0.2567,118,CON_OP_10001226
2018/3/7,P,3.5,2018/9/26,0.2717,122,CON_OP_10001227
2018/3/7,P,3.6,2018/9/26,0.2887,125,CON_OP_10001228
2018/3/8,C,2.455,2018/3/28,0.391,85,CON_OP_10000989
2018/3/8,C,2.504,2018/3/28,0,87,CON_OP_10000987
2018/3/8,C,2.553,2018/3/28,0.3091,88,CON_OP_10000969
2018/3/8,C,2.6,2018/3/28,0.2651,90,CON_OP_10001237
2018/3/8,C,2.602,2018/3/28,0,90,CON_OP_10000970
2018/3/8,C,2.65,2018/3/28,0.2646,92,CON_OP_10001163
2018/3/8,C,2.651,2018/3/28,0.2569,92,CON_OP_10000971
2018/3/8,C,2.7,2018/3/28,0.2504,93,CON_OP_10001137
2018/3/8,C,2.749,2018/3/28,0.2261,95,CON_OP_10000973
2018/3/8,C,2.75,2018/3/28,0.2288,95,CON_OP_10001129
2018/3/8,C,2.798,2018/3/28,0.2183,97,CON_OP_10000985
2018/3/8,C,2.8,2018/3/28,0.2125,97,CON_OP_10001105
2018/3/8,C,2.847,2018/3/28,0.2126,98,CON_OP_10001009
2018/3/8,C,2.85,2018/3/28,0.2046,99,CON_OP_10001106
2018/3/8,C,2.896,2018/3/28,0.2075,100,CON_OP_10001039
2018/3/8,C,2.9,2018/3/28,0.2048,100,CON_OP_10001107
2018/3/8,C,2.946,2018/3/28,0.2065,102,CON_OP_10001047
2018/3/8,C,2.95,2018/3/28,0.2027,102,CON_OP_10001108
2018/3/8,C,3,2018/3/28,0.2069,104,CON_OP_10001109
2018/3/8,C,3.044,2018/3/28,0.2108,105,CON_OP_10001055
2018/3/8,C,3.1,2018/3/28,0.2215,107,CON_OP_10001164
2018/3/8,C,3.142,2018/3/28,0.2318,109,CON_OP_10001063
2018/3/8,C,3.2,2018/3/28,0.243,111,CON_OP_10001175
2018/3/8,C,3.24,2018/3/28,0.2563,112,CON_OP_10001069
2018/3/8,C,3.3,2018/3/28,0.2816,114,CON_OP_10001183
2018/3/8,C,3.4,2018/3/28,0.309,118,CON_OP_10001191
2018/3/8,C,3.5,2018/3/28,0.3472,121,CON_OP_10001199
2018/3/8,C,3.6,2018/3/28,0.3859,124,CON_OP_10001207
2018/3/8,C,2.65,2018/4/25,0.2121,92,CON_OP_10001247
2018/3/8,C,2.7,2018/4/25,0.2061,93,CON_OP_10001248
2018/3/8,C,2.75,2018/4/25,0.2046,95,CON_OP_10001249
2018/3/8,C,2.8,2018/4/25,0.201,97,CON_OP_10001250
2018/3/8,C,2.85,2018/4/25,0.1939,99,CON_OP_10001251
2018/3/8,C,2.9,2018/4/25,0.1949,100,CON_OP_10001252
2018/3/8,C,2.95,2018/4/25,0.1955,102,CON_OP_10001253
2018/3/8,C,3,2018/4/25,0.1968,104,CON_OP_10001254
2018/3/8,C,3.1,2018/4/25,0.2036,107,CON_OP_10001255
2018/3/8,C,3.2,2018/4/25,0.2194,111,CON_OP_10001265
2018/3/8,C,2.6,2018/6/27,0.162,90,CON_OP_10001239
2018/3/8,C,2.65,2018/6/27,0.1919,92,CON_OP_10001167
2018/3/8,C,2.651,2018/6/27,0.194,92,CON_OP_10001025
2018/3/8,C,2.7,2018/6/27,0.1921,93,CON_OP_10001139
2018/3/8,C,2.749,2018/6/27,0.1918,95,CON_OP_10001027
2018/3/8,C,2.75,2018/6/27,0.1914,95,CON_OP_10001131
2018/3/8,C,2.798,2018/6/27,0.1852,97,CON_OP_10001028
2018/3/8,C,2.8,2018/6/27,0.1962,97,CON_OP_10001115
2018/3/8,C,2.847,2018/6/27,0.1875,98,CON_OP_10001029
2018/3/8,C,2.85,2018/6/27,0.194,99,CON_OP_10001116
2018/3/8,C,2.896,2018/6/27,0.1932,100,CON_OP_10001041
2018/3/8,C,2.9,2018/6/27,0.1931,100,CON_OP_10001117
2018/3/8,C,2.946,2018/6/27,0.1902,102,CON_OP_10001049
2018/3/8,C,2.95,2018/6/27,0.1951,102,CON_OP_10001118
2018/3/8,C,3,2018/6/27,0.1968,104,CON_OP_10001119
2018/3/8,C,3.044,2018/6/27,0.2004,105,CON_OP_10001057
2018/3/8,C,3.1,2018/6/27,0.2043,107,CON_OP_10001168
2018/3/8,C,3.142,2018/6/27,0.2079,109,CON_OP_10001065
2018/3/8,C,3.2,2018/6/27,0.2129,111,CON_OP_10001177
2018/3/8,C,3.24,2018/6/27,0.2169,112,CON_OP_10001071
2018/3/8,C,3.3,2018/6/27,0.2221,114,CON_OP_10001185
2018/3/8,C,3.4,2018/6/27,0.2332,118,CON_OP_10001193
2018/3/8,C,3.5,2018/6/27,0.2449,121,CON_OP_10001201
2018/3/8,C,3.6,2018/6/27,0.26,124,CON_OP_10001209
2018/3/8,C,2.6,2018/9/26,0.1769,90,CON_OP_10001241
2018/3/8,C,2.65,2018/9/26,0.1718,92,CON_OP_10001242
2018/3/8,C,2.7,2018/9/26,0.1762,93,CON_OP_10001243
2018/3/8,C,2.75,2018/9/26,0.1742,95,CON_OP_10001233
2018/3/8,C,2.8,2018/9/26,0.181,97,CON_OP_10001231
2018/3/8,C,2.85,2018/9/26,0.1826,99,CON_OP_10001229
2018/3/8,C,2.9,2018/9/26,0.1838,100,CON_OP_10001211
2018/3/8,C,2.95,2018/9/26,0.1894,102,CON_OP_10001212
2018/3/8,C,3,2018/9/26,0.1895,104,CON_OP_10001213
2018/3/8,C,3.1,2018/9/26,0.1905,107,CON_OP_10001214
2018/3/8,C,3.2,2018/9/26,0.202,111,CON_OP_10001215
2018/3/8,C,3.3,2018/9/26,0.21,114,CON_OP_10001216
2018/3/8,C,3.4,2018/9/26,0.2174,118,CON_OP_10001217
2018/3/8,C,3.5,2018/9/26,0.2257,121,CON_OP_10001218
2018/3/8,C,3.6,2018/9/26,0.2334,124,CON_OP_10001219
2018/3/8,P,2.455,2018/3/28,0.3397,85,CON_OP_10000990
2018/3/8,P,2.504,2018/3/28,0.311,87,CON_OP_10000988
2018/3/8,P,2.553,2018/3/28,0.2882,88,CON_OP_10000974
2018/3/8,P,2.6,2018/3/28,0.2769,90,CON_OP_10001238
2018/3/8,P,2.602,2018/3/28,0.2721,90,CON_OP_10000975
2018/3/8,P,2.65,2018/3/28,0.2566,92,CON_OP_10001165
2018/3/8,P,2.651,2018/3/28,0.257,92,CON_OP_10000976
2018/3/8,P,2.7,2018/3/28,0.2379,93,CON_OP_10001138
2018/3/8,P,2.749,2018/3/28,0.2231,95,CON_OP_10000978
2018/3/8,P,2.75,2018/3/28,0.2252,95,CON_OP_10001130
2018/3/8,P,2.798,2018/3/28,0.2116,97,CON_OP_10000986
2018/3/8,P,2.8,2018/3/28,0.2068,97,CON_OP_10001110
2018/3/8,P,2.847,2018/3/28,0.2019,98,CON_OP_10001010
2018/3/8,P,2.85,2018/3/28,0.2004,99,CON_OP_10001111
2018/3/8,P,2.896,2018/3/28,0.2054,100,CON_OP_10001040
2018/3/8,P,2.9,2018/3/28,0.1987,100,CON_OP_10001112
2018/3/8,P,2.946,2018/3/28,0.2063,102,CON_OP_10001048
2018/3/8,P,2.95,2018/3/28,0.1962,102,CON_OP_10001113
2018/3/8,P,3,2018/3/28,0.1992,104,CON_OP_10001114
2018/3/8,P,3.044,2018/3/28,0.1895,105,CON_OP_10001056
2018/3/8,P,3.1,2018/3/28,0.1892,107,CON_OP_10001166
2018/3/8,P,3.142,2018/3/28,0.2761,109,CON_OP_10001064
2018/3/8,P,3.2,2018/3/28,0.1211,111,CON_OP_10001176
2018/3/8,P,3.24,2018/3/28,0.3762,112,CON_OP_10001070
2018/3/8,P,3.3,2018/3/28,0.3047,114,CON_OP_10001184
2018/3/8,P,3.4,2018/3/28,0,118,CON_OP_10001192
2018/3/8,P,3.5,2018/3/28,0.4167,121,CON_OP_10001200
2018/3/8,P,3.6,2018/3/28,0.4053,124,CON_OP_10001208
2018/3/8,P,2.65,2018/4/25,0.2261,92,CON_OP_10001256
2018/3/8,P,2.7,2018/4/25,0.2123,93,CON_OP_10001257
2018/3/8,P,2.75,2018/4/25,0.206,95,CON_OP_10001258
2018/3/8,P,2.8,2018/4/25,0.2018,97,CON_OP_10001259
2018/3/8,P,2.85,2018/4/25,0.1986,99,CON_OP_10001260
2018/3/8,P,2.9,2018/4/25,0.1966,100,CON_OP_10001261
2018/3/8,P,2.95,2018/4/25,0.1964,102,CON_OP_10001262
2018/3/8,P,3,2018/4/25,0.1997,104,CON_OP_10001263
2018/3/8,P,3.1,2018/4/25,0.2153,107,CON_OP_10001264
2018/3/8,P,3.2,2018/4/25,0.2302,111,CON_OP_10001266
2018/3/8,P,2.6,2018/6/27,0.2079,90,CON_OP_10001240
2018/3/8,P,2.65,2018/6/27,0.2039,92,CON_OP_10001169
2018/3/8,P,2.651,2018/6/27,0.2041,92,CON_OP_10001030
2018/3/8,P,2.7,2018/6/27,0.203,93,CON_OP_10001140
2018/3/8,P,2.749,2018/6/27,0.1996,95,CON_OP_10001032
2018/3/8,P,2.75,2018/6/27,0.1998,95,CON_OP_10001132
2018/3/8,P,2.798,2018/6/27,0.1991,97,CON_OP_10001033
2018/3/8,P,2.8,2018/6/27,0.1983,97,CON_OP_10001120
2018/3/8,P,2.847,2018/6/27,0.2003,98,CON_OP_10001034
2018/3/8,P,2.85,2018/6/27,0.1989,99,CON_OP_10001121
2018/3/8,P,2.896,2018/6/27,0.2009,100,CON_OP_10001042
2018/3/8,P,2.9,2018/6/27,0.1983,100,CON_OP_10001122
2018/3/8,P,2.946,2018/6/27,0.2033,102,CON_OP_10001050
2018/3/8,P,2.95,2018/6/27,0.2004,102,CON_OP_10001123
2018/3/8,P,3,2018/6/27,0.2054,104,CON_OP_10001124
2018/3/8,P,3.044,2018/6/27,0.2138,105,CON_OP_10001058
2018/3/8,P,3.1,2018/6/27,0.2098,107,CON_OP_10001170
2018/3/8,P,3.142,2018/6/27,0.2276,109,CON_OP_10001066
2018/3/8,P,3.2,2018/6/27,0.2175,111,CON_OP_10001178
2018/3/8,P,3.24,2018/6/27,0.239,112,CON_OP_10001072
2018/3/8,P,3.3,2018/6/27,0.2324,114,CON_OP_10001186
2018/3/8,P,3.4,2018/6/27,0.2612,118,CON_OP_10001194
2018/3/8,P,3.5,2018/6/27,0.2793,121,CON_OP_10001202
2018/3/8,P,3.6,2018/6/27,0.272,124,CON_OP_10001210
2018/3/8,P,2.6,2018/9/26,0.2091,90,CON_OP_10001244
2018/3/8,P,2.65,2018/9/26,0.2065,92,CON_OP_10001245
2018/3/8,P,2.7,2018/9/26,0.2044,93,CON_OP_10001246
2018/3/8,P,2.75,2018/9/26,0.2051,95,CON_OP_10001234
2018/3/8,P,2.8,2018/9/26,0.205,97,CON_OP_10001232
2018/3/8,P,2.85,2018/9/26,0.206,99,CON_OP_10001230
2018/3/8,P,2.9,2018/9/26,0.2076,100,CON_OP_10001220
2018/3/8,P,2.95,2018/9/26,0.2104,102,CON_OP_10001221
2018/3/8,P,3,2018/9/26,0.212,104,CON_OP_10001222
2018/3/8,P,3.1,2018/9/26,0.2156,107,CON_OP_10001223
2018/3/8,P,3.2,2018/9/26,0.2313,111,CON_OP_10001224
2018/3/8,P,3.3,2018/9/26,0.2369,114,CON_OP_10001225
2018/3/8,P,3.4,2018/9/26,0.2531,118,CON_OP_10001226
2018/3/8,P,3.5,2018/9/26,0.2717,121,CON_OP_10001227
2018/3/8,P,3.6,2018/9/26,0.269,124,CON_OP_10001228
2018/3/9,C,2.455,2018/3/28,0,85,CON_OP_10000989
2018/3/9,C,2.504,2018/3/28,0,86,CON_OP_10000987
2018/3/9,C,2.553,2018/3/28,0,88,CON_OP_10000969
2018/3/9,C,2.6,2018/3/28,0.1772,90,CON_OP_10001237
2018/3/9,C,2.602,2018/3/28,0.3003,90,CON_OP_10000970
2018/3/9,C,2.65,2018/3/28,0.2041,91,CON_OP_10001163
2018/3/9,C,2.651,2018/3/28,0.2579,91,CON_OP_10000971
2018/3/9,C,2.7,2018/3/28,0.2337,93,CON_OP_10001137
2018/3/9,C,2.749,2018/3/28,0.1898,95,CON_OP_10000973
2018/3/9,C,2.75,2018/3/28,0.1916,95,CON_OP_10001129
2018/3/9,C,2.798,2018/3/28,0.1959,96,CON_OP_10000985
2018/3/9,C,2.8,2018/3/28,0.2068,96,CON_OP_10001105
2018/3/9,C,2.847,2018/3/28,0.1941,98,CON_OP_10001009
2018/3/9,C,2.85,2018/3/28,0.1925,98,CON_OP_10001106
2018/3/9,C,2.896,2018/3/28,0.1924,100,CON_OP_10001039
2018/3/9,C,2.9,2018/3/28,0.1901,100,CON_OP_10001107
2018/3/9,C,2.946,2018/3/28,0.1962,101,CON_OP_10001047
2018/3/9,C,2.95,2018/3/28,0.1919,102,CON_OP_10001108
2018/3/9,C,3,2018/3/28,0.2002,103,CON_OP_10001109
2018/3/9,C,3.044,2018/3/28,0.2041,105,CON_OP_10001055
2018/3/9,C,3.1,2018/3/28,0.2204,107,CON_OP_10001164
2018/3/9,C,3.142,2018/3/28,0.2312,108,CON_OP_10001063
2018/3/9,C,3.2,2018/3/28,0.2455,110,CON_OP_10001175
2018/3/9,C,3.24,2018/3/28,0.2583,112,CON_OP_10001069
2018/3/9,C,3.3,2018/3/28,0.2801,114,CON_OP_10001183
2018/3/9,C,3.4,2018/3/28,0.3112,117,CON_OP_10001191
2018/3/9,C,3.5,2018/3/28,0.3454,121,CON_OP_10001199
2018/3/9,C,3.6,2018/3/28,0.3842,124,CON_OP_10001207
2018/3/9,C,2.65,2018/4/25,0.1848,91,CON_OP_10001247
2018/3/9,C,2.7,2018/4/25,0.1843,93,CON_OP_10001248
2018/3/9,C,2.75,2018/4/25,0.1859,95,CON_OP_10001249
2018/3/9,C,2.8,2018/4/25,0.1903,96,CON_OP_10001250
2018/3/9,C,2.85,2018/4/25,0.1867,98,CON_OP_10001251
2018/3/9,C,2.9,2018/4/25,0.1876,100,CON_OP_10001252
2018/3/9,C,2.95,2018/4/25,0.1886,102,CON_OP_10001253
2018/3/9,C,3,2018/4/25,0.1921,103,CON_OP_10001254
2018/3/9,C,3.1,2018/4/25,0.1993,107,CON_OP_10001255
2018/3/9,C,3.2,2018/4/25,0.2094,110,CON_OP_10001265
2018/3/9,C,2.6,2018/6/27,0.2014,90,CON_OP_10001239
2018/3/9,C,2.65,2018/6/27,0.192,91,CON_OP_10001167
2018/3/9,C,2.651,2018/6/27,0.1976,91,CON_OP_10001025
2018/3/9,C,2.7,2018/6/27,0.1912,93,CON_OP_10001139
2018/3/9,C,2.749,2018/6/27,0.1906,95,CON_OP_10001027
2018/3/9,C,2.75,2018/6/27,0.1904,95,CON_OP_10001131
2018/3/9,C,2.798,2018/6/27,0.1935,96,CON_OP_10001028
2018/3/9,C,2.8,2018/6/27,0.19,96,CON_OP_10001115
2018/3/9,C,2.847,2018/6/27,0.192,98,CON_OP_10001029
2018/3/9,C,2.85,2018/6/27,0.1874,98,CON_OP_10001116
2018/3/9,C,2.896,2018/6/27,0.1897,100,CON_OP_10001041
2018/3/9,C,2.9,2018/6/27,0.1852,100,CON_OP_10001117
2018/3/9,C,2.946,2018/6/27,0.1933,101,CON_OP_10001049
2018/3/9,C,2.95,2018/6/27,0.1915,102,CON_OP_10001118
2018/3/9,C,3,2018/6/27,0.1932,103,CON_OP_10001119
2018/3/9,C,3.044,2018/6/27,0.1986,105,CON_OP_10001057
2018/3/9,C,3.1,2018/6/27,0.2017,107,CON_OP_10001168
2018/3/9,C,3.142,2018/6/27,0.207,108,CON_OP_10001065
2018/3/9,C,3.2,2018/6/27,0.2095,110,CON_OP_10001177
2018/3/9,C,3.24,2018/6/27,0.2138,112,CON_OP_10001071
2018/3/9,C,3.3,2018/6/27,0.2194,114,CON_OP_10001185
2018/3/9,C,3.4,2018/6/27,0.2316,117,CON_OP_10001193
2018/3/9,C,3.5,2018/6/27,0.2462,121,CON_OP_10001201
2018/3/9,C,3.6,2018/6/27,0.2602,124,CON_OP_10001209
2018/3/9,C,2.6,2018/9/26,0.1746,90,CON_OP_10001241
2018/3/9,C,2.65,2018/9/26,0.1666,91,CON_OP_10001242
2018/3/9,C,2.7,2018/9/26,0.1747,93,CON_OP_10001243
2018/3/9,C,2.75,2018/9/26,0.1787,95,CON_OP_10001233
2018/3/9,C,2.8,2018/9/26,0.1808,96,CON_OP_10001231
2018/3/9,C,2.85,2018/9/26,0.1819,98,CON_OP_10001229
2018/3/9,C,2.9,2018/9/26,0.1845,100,CON_OP_10001211
2018/3/9,C,2.95,2018/9/26,0.1864,102,CON_OP_10001212
2018/3/9,C,3,2018/9/26,0.1882,103,CON_OP_10001213
2018/3/9,C,3.1,2018/9/26,0.1936,107,CON_OP_10001214
2018/3/9,C,3.2,2018/9/26,0.1999,110,CON_OP_10001215
2018/3/9,C,3.3,2018/9/26,0.2055,114,CON_OP_10001216
2018/3/9,C,3.4,2018/9/26,0.2153,117,CON_OP_10001217
2018/3/9,C,3.5,2018/9/26,0.2219,121,CON_OP_10001218
2018/3/9,C,3.6,2018/9/26,0.2299,124,CON_OP_10001219
2018/3/9,P,2.455,2018/3/28,0.3424,85,CON_OP_10000990
2018/3/9,P,2.504,2018/3/28,0.315,86,CON_OP_10000988
2018/3/9,P,2.553,2018/3/28,0.2859,88,CON_OP_10000974
2018/3/9,P,2.6,2018/3/28,0.2746,90,CON_OP_10001238
2018/3/9,P,2.602,2018/3/28,0.269,90,CON_OP_10000975
2018/3/9,P,2.65,2018/3/28,0.2533,91,CON_OP_10001165
2018/3/9,P,2.651,2018/3/28,0.2495,91,CON_OP_10000976
2018/3/9,P,2.7,2018/3/28,0.2359,93,CON_OP_10001138
2018/3/9,P,2.749,2018/3/28,0.2163,95,CON_OP_10000978
2018/3/9,P,2.75,2018/3/28,0.2197,95,CON_OP_10001130
2018/3/9,P,2.798,2018/3/28,0.2092,96,CON_OP_10000986
2018/3/9,P,2.8,2018/3/28,0.208,96,CON_OP_10001110
2018/3/9,P,2.847,2018/3/28,0.2032,98,CON_OP_10001010
2018/3/9,P,2.85,2018/3/28,0.1969,98,CON_OP_10001111
2018/3/9,P,2.896,2018/3/28,0.1994,100,CON_OP_10001040
2018/3/9,P,2.9,2018/3/28,0.1948,100,CON_OP_10001112
2018/3/9,P,2.946,2018/3/28,0.2026,101,CON_OP_10001048
2018/3/9,P,2.95,2018/3/28,0.1928,102,CON_OP_10001113
2018/3/9,P,3,2018/3/28,0.2087,103,CON_OP_10001114
2018/3/9,P,3.044,2018/3/28,0.2124,105,CON_OP_10001056
2018/3/9,P,3.1,2018/3/28,0.234,107,CON_OP_10001166
2018/3/9,P,3.142,2018/3/28,0.225,108,CON_OP_10001064
2018/3/9,P,3.2,2018/3/28,0.2806,110,CON_OP_10001176
2018/3/9,P,3.24,2018/3/28,0.2628,112,CON_OP_10001070
2018/3/9,P,3.3,2018/3/28,0.2908,114,CON_OP_10001184
2018/3/9,P,3.4,2018/3/28,0.3416,117,CON_OP_10001192
2018/3/9,P,3.5,2018/3/28,0.3881,121,CON_OP_10001200
2018/3/9,P,3.6,2018/3/28,0.4269,124,CON_OP_10001208
2018/3/9,P,2.65,2018/4/25,0.2203,91,CON_OP_10001256
2018/3/9,P,2.7,2018/4/25,0.2115,93,CON_OP_10001257
2018/3/9,P,2.75,2018/4/25,0.2052,95,CON_OP_10001258
2018/3/9,P,2.8,2018/4/25,0.2034,96,CON_OP_10001259
2018/3/9,P,2.85,2018/4/25,0.1969,98,CON_OP_10001260
2018/3/9,P,2.9,2018/4/25,0.1971,100,CON_OP_10001261
2018/3/9,P,2.95,2018/4/25,0.2016,102,CON_OP_10001262
2018/3/9,P,3,2018/4/25,0.2047,103,CON_OP_10001263
2018/3/9,P,3.1,2018/4/25,0.2173,107,CON_OP_10001264
2018/3/9,P,3.2,2018/4/25,0.2356,110,CON_OP_10001266
2018/3/9,P,2.6,2018/6/27,0.2079,90,CON_OP_10001240
2018/3/9,P,2.65,2018/6/27,0.2051,91,CON_OP_10001169
2018/3/9,P,2.651,2018/6/27,0.2041,91,CON_OP_10001030
2018/3/9,P,2.7,2018/6/27,0.2012,93,CON_OP_10001140
2018/3/9,P,2.749,2018/6/27,0.2003,95,CON_OP_10001032
2018/3/9,P,2.75,2018/6/27,0.198,95,CON_OP_10001132
2018/3/9,P,2.798,2018/6/27,0.1974,96,CON_OP_10001033
2018/3/9,P,2.8,2018/6/27,0.1972,96,CON_OP_10001120
2018/3/9,P,2.847,2018/6/27,0.1967,98,CON_OP_10001034
2018/3/9,P,2.85,2018/6/27,0.1972,98,CON_OP_10001121
2018/3/9,P,2.896,2018/6/27,0.1964,100,CON_OP_10001042
2018/3/9,P,2.9,2018/6/27,0.1932,100,CON_OP_10001122
2018/3/9,P,2.946,2018/6/27,0.1979,101,CON_OP_10001050
2018/3/9,P,2.95,2018/6/27,0.1983,102,CON_OP_10001123
2018/3/9,P,3,2018/6/27,0.1999,103,CON_OP_10001124
2018/3/9,P,3.044,2018/6/27,0.2031,105,CON_OP_10001058
2018/3/9,P,3.1,2018/6/27,0.2051,107,CON_OP_10001170
2018/3/9,P,3.142,2018/6/27,0.2226,108,CON_OP_10001066
2018/3/9,P,3.2,2018/6/27,0.22,110,CON_OP_10001178
2018/3/9,P,3.24,2018/6/27,0.234,112,CON_OP_10001072
2018/3/9,P,3.3,2018/6/27,0.2432,114,CON_OP_10001186
2018/3/9,P,3.4,2018/6/27,0.2569,117,CON_OP_10001194
2018/3/9,P,3.5,2018/6/27,0.2753,121,CON_OP_10001202
2018/3/9,P,3.6,2018/6/27,0.2619,124,CON_OP_10001210
2018/3/9,P,2.6,2018/9/26,0.2111,90,CON_OP_10001244
2018/3/9,P,2.65,2018/9/26,0.2095,91,CON_OP_10001245
2018/3/9,P,2.7,2018/9/26,0.2076,93,CON_OP_10001246
2018/3/9,P,2.75,2018/9/26,0.2064,95,CON_OP_10001234
2018/3/9,P,2.8,2018/9/26,0.2062,96,CON_OP_10001232
2018/3/9,P,2.85,2018/9/26,0.2062,98,CON_OP_10001230
2018/3/9,P,2.9,2018/9/26,0.2071,100,CON_OP_10001220
2018/3/9,P,2.95,2018/9/26,0.2116,102,CON_OP_10001221
2018/3/9,P,3,2018/9/26,0.2116,103,CON_OP_10001222
2018/3/9,P,3.1,2018/9/26,0.2163,107,CON_OP_10001223
2018/3/9,P,3.2,2018/9/26,0.2229,110,CON_OP_10001224
2018/3/9,P,3.3,2018/9/26,0.2346,114,CON_OP_10001225
2018/3/9,P,3.4,2018/9/26,0.2495,117,CON_OP_10001226
2018/3/9,P,3.5,2018/9/26,0.2609,121,CON_OP_10001227
2018/3/9,P,3.6,2018/9/26,0.2737,124,CON_OP_10001228
2018/3/12,C,2.455,2018/3/28,0.3517,85,CON_OP_10000989
2018/3/12,C,2.504,2018/3/28,0.3739,86,CON_OP_10000987
2018/3/12,C,2.553,2018/3/28,0,88,CON_OP_10000969
2018/3/12,C,2.6,2018/3/28,0.2668,90,CON_OP_10001237
2018/3/12,C,2.602,2018/3/28,0.3074,90,CON_OP_10000970
2018/3/12,C,2.65,2018/3/28,0.2824,91,CON_OP_10001163
2018/3/12,C,2.651,2018/3/28,0.272,91,CON_OP_10000971
2018/3/12,C,2.7,2018/3/28,0.2599,93,CON_OP_10001137
2018/3/12,C,2.749,2018/3/28,0.2382,95,CON_OP_10000973
2018/3/12,C,2.75,2018/3/28,0.2227,95,CON_OP_10001129
2018/3/12,C,2.798,2018/3/28,0.216,96,CON_OP_10000985
2018/3/12,C,2.8,2018/3/28,0.2178,96,CON_OP_10001105
2018/3/12,C,2.847,2018/3/28,0.2197,98,CON_OP_10001009
2018/3/12,C,2.85,2018/3/28,0.2147,98,CON_OP_10001106
2018/3/12,C,2.896,2018/3/28,0.2139,100,CON_OP_10001039
2018/3/12,C,2.9,2018/3/28,0.2143,100,CON_OP_10001107
2018/3/12,C,2.946,2018/3/28,0.2184,101,CON_OP_10001047
2018/3/12,C,2.95,2018/3/28,0.2197,102,CON_OP_10001108
2018/3/12,C,3,2018/3/28,0.2228,103,CON_OP_10001109
2018/3/12,C,3.044,2018/3/28,0.2288,105,CON_OP_10001055
2018/3/12,C,3.1,2018/3/28,0.2409,107,CON_OP_10001164
2018/3/12,C,3.142,2018/3/28,0.2487,108,CON_OP_10001063
2018/3/12,C,3.2,2018/3/28,0.2649,110,CON_OP_10001175
2018/3/12,C,3.24,2018/3/28,0.2742,112,CON_OP_10001069
2018/3/12,C,3.3,2018/3/28,0.3044,114,CON_OP_10001183
2018/3/12,C,3.4,2018/3/28,0.334,117,CON_OP_10001191
2018/3/12,C,3.5,2018/3/28,0.3628,120,CON_OP_10001199
2018/3/12,C,3.6,2018/3/28,0.418,124,CON_OP_10001207
2018/3/12,C,2.65,2018/4/25,0.2195,91,CON_OP_10001247
2018/3/12,C,2.7,2018/4/25,0.2127,93,CON_OP_10001248
2018/3/12,C,2.75,2018/4/25,0.208,95,CON_OP_10001249
2018/3/12,C,2.8,2018/4/25,0.2036,96,CON_OP_10001250
2018/3/12,C,2.85,2018/4/25,0.1996,98,CON_OP_10001251
2018/3/12,C,2.9,2018/4/25,0.1977,100,CON_OP_10001252
2018/3/12,C,2.95,2018/4/25,0.2015,102,CON_OP_10001253
2018/3/12,C,3,2018/4/25,0.2023,103,CON_OP_10001254
2018/3/12,C,3.1,2018/4/25,0.2114,107,CON_OP_10001255
2018/3/12,C,3.2,2018/4/25,0.226,110,CON_OP_10001265
2018/3/12,C,2.6,2018/6/27,0.2066,90,CON_OP_10001239
2018/3/12,C,2.65,2018/6/27,0.2043,91,CON_OP_10001167
2018/3/12,C,2.651,2018/6/27,0.2056,91,CON_OP_10001025
2018/3/12,C,2.7,2018/6/27,0.2031,93,CON_OP_10001139
2018/3/12,C,2.749,2018/6/27,0.2045,95,CON_OP_10001027
2018/3/12,C,2.75,2018/6/27,0.2001,95,CON_OP_10001131
2018/3/12,C,2.798,2018/6/27,0.2086,96,CON_OP_10001028
2018/3/12,C,2.8,2018/6/27,0.201,96,CON_OP_10001115
2018/3/12,C,2.847,2018/6/27,0.2021,98,CON_OP_10001029
2018/3/12,C,2.85,2018/6/27,0.1978,98,CON_OP_10001116
2018/3/12,C,2.896,2018/6/27,0.2022,100,CON_OP_10001041
2018/3/12,C,2.9,2018/6/27,0.1999,100,CON_OP_10001117
2018/3/12,C,2.946,2018/6/27,0.2034,101,CON_OP_10001049
2018/3/12,C,2.95,2018/6/27,0.2019,102,CON_OP_10001118
2018/3/12,C,3,2018/6/27,0.205,103,CON_OP_10001119
2018/3/12,C,3.044,2018/6/27,0.208,105,CON_OP_10001057
2018/3/12,C,3.1,2018/6/27,0.2136,107,CON_OP_10001168
2018/3/12,C,3.142,2018/6/27,0.2171,108,CON_OP_10001065
2018/3/12,C,3.2,2018/6/27,0.2238,110,CON_OP_10001177
2018/3/12,C,3.24,2018/6/27,0.2257,112,CON_OP_10001071
2018/3/12,C,3.3,2018/6/27,0.233,114,CON_OP_10001185
2018/3/12,C,3.4,2018/6/27,0.2436,117,CON_OP_10001193
2018/3/12,C,3.5,2018/6/27,0.2581,120,CON_OP_10001201
2018/3/12,C,3.6,2018/6/27,0.2737,124,CON_OP_10001209
2018/3/12,C,2.6,2018/9/26,0.1917,90,CON_OP_10001241
2018/3/12,C,2.65,2018/9/26,0.1957,91,CON_OP_10001242
2018/3/12,C,2.7,2018/9/26,0.1921,93,CON_OP_10001243
2018/3/12,C,2.75,2018/9/26,0.1944,95,CON_OP_10001233
2018/3/12,C,2.8,2018/9/26,0.1961,96,CON_OP_10001231
2018/3/12,C,2.85,2018/9/26,0.1969,98,CON_OP_10001229
2018/3/12,C,2.9,2018/9/26,0.1977,100,CON_OP_10001211
2018/3/12,C,2.95,2018/9/26,0.1988,102,CON_OP_10001212
2018/3/12,C,3,2018/9/26,0.2011,103,CON_OP_10001213
2018/3/12,C,3.1,2018/9/26,0.2051,107,CON_OP_10001214
2018/3/12,C,3.2,2018/9/26,0.2099,110,CON_OP_10001215
2018/3/12,C,3.3,2018/9/26,0.2168,114,CON_OP_10001216
2018/3/12,C,3.4,2018/9/26,0.2239,117,CON_OP_10001217
2018/3/12,C,3.5,2018/9/26,0.2322,120,CON_OP_10001218
2018/3/12,C,3.6,2018/9/26,0.2425,124,CON_OP_10001219
2018/3/12,P,2.455,2018/3/28,0.3635,85,CON_OP_10000990
2018/3/12,P,2.504,2018/3/28,0.3357,86,CON_OP_10000988
2018/3/12,P,2.553,2018/3/28,0.3054,88,CON_OP_10000974
2018/3/12,P,2.6,2018/3/28,0.2908,90,CON_OP_10001238
2018/3/12,P,2.602,2018/3/28,0.2842,90,CON_OP_10000975
2018/3/12,P,2.65,2018/3/28,0.2686,91,CON_OP_10001165
2018/3/12,P,2.651,2018/3/28,0.2642,91,CON_OP_10000976
2018/3/12,P,2.7,2018/3/28,0.2438,93,CON_OP_10001138
2018/3/12,P,2.749,2018/3/28,0.2283,95,CON_OP_10000978
2018/3/12,P,2.75,2018/3/28,0.2289,95,CON_OP_10001130
2018/3/12,P,2.798,2018/3/28,0.2209,96,CON_OP_10000986
2018/3/12,P,2.8,2018/3/28,0.2166,96,CON_OP_10001110
2018/3/12,P,2.847,2018/3/28,0.215,98,CON_OP_10001010
2018/3/12,P,2.85,2018/3/28,0.2119,98,CON_OP_10001111
2018/3/12,P,2.896,2018/3/28,0.2092,100,CON_OP_10001040
2018/3/12,P,2.9,2018/3/28,0.2134,100,CON_OP_10001112
2018/3/12,P,2.946,2018/3/28,0.211,101,CON_OP_10001048
2018/3/12,P,2.95,2018/3/28,0.2149,102,CON_OP_10001113
2018/3/12,P,3,2018/3/28,0.2135,103,CON_OP_10001114
2018/3/12,P,3.044,2018/3/28,0.2208,105,CON_OP_10001056
2018/3/12,P,3.1,2018/3/28,0.2205,107,CON_OP_10001166
2018/3/12,P,3.142,2018/3/28,0.2157,108,CON_OP_10001064
2018/3/12,P,3.2,2018/3/28,0.2667,110,CON_OP_10001176
2018/3/12,P,3.24,2018/3/28,0.2614,112,CON_OP_10001070
2018/3/12,P,3.3,2018/3/28,0,114,CON_OP_10001184
2018/3/12,P,3.4,2018/3/28,0,117,CON_OP_10001192
2018/3/12,P,3.5,2018/3/28,0,120,CON_OP_10001200
2018/3/12,P,3.6,2018/3/28,0.4185,124,CON_OP_10001208
2018/3/12,P,2.65,2018/4/25,0.226,91,CON_OP_10001256
2018/3/12,P,2.7,2018/4/25,0.2175,93,CON_OP_10001257
2018/3/12,P,2.75,2018/4/25,0.211,95,CON_OP_10001258
2018/3/12,P,2.8,2018/4/25,0.2065,96,CON_OP_10001259
2018/3/12,P,2.85,2018/4/25,0.2071,98,CON_OP_10001260
2018/3/12,P,2.9,2018/4/25,0.2041,100,CON_OP_10001261
2018/3/12,P,2.95,2018/4/25,0.2064,102,CON_OP_10001262
2018/3/12,P,3,2018/4/25,0.21,103,CON_OP_10001263
2018/3/12,P,3.1,2018/4/25,0.2158,107,CON_OP_10001264
2018/3/12,P,3.2,2018/4/25,0.2396,110,CON_OP_10001266
2018/3/12,P,2.6,2018/6/27,0.2075,90,CON_OP_10001240
2018/3/12,P,2.65,2018/6/27,0.2014,91,CON_OP_10001169
2018/3/12,P,2.651,2018/6/27,0.204,91,CON_OP_10001030
2018/3/12,P,2.7,2018/6/27,0.2017,93,CON_OP_10001140
2018/3/12,P,2.749,2018/6/27,0.2006,95,CON_OP_10001032
2018/3/12,P,2.75,2018/6/27,0.2001,95,CON_OP_10001132
2018/3/12,P,2.798,2018/6/27,0.1952,96,CON_OP_10001033
2018/3/12,P,2.8,2018/6/27,0.1992,96,CON_OP_10001120
2018/3/12,P,2.847,2018/6/27,0.2002,98,CON_OP_10001034
2018/3/12,P,2.85,2018/6/27,0.1993,98,CON_OP_10001121
2018/3/12,P,2.896,2018/6/27,0.2013,100,CON_OP_10001042
2018/3/12,P,2.9,2018/6/27,0.2014,100,CON_OP_10001122
2018/3/12,P,2.946,2018/6/27,0.1968,101,CON_OP_10001050
2018/3/12,P,2.95,2018/6/27,0.2041,102,CON_OP_10001123
2018/3/12,P,3,2018/6/27,0.2056,103,CON_OP_10001124
2018/3/12,P,3.044,2018/6/27,0.2044,105,CON_OP_10001058
2018/3/12,P,3.1,2018/6/27,0.2137,107,CON_OP_10001170
2018/3/12,P,3.142,2018/6/27,0.2184,108,CON_OP_10001066
2018/3/12,P,3.2,2018/6/27,0.2205,110,CON_OP_10001178
2018/3/12,P,3.24,2018/6/27,0.2166,112,CON_OP_10001072
2018/3/12,P,3.3,2018/6/27,0.2315,114,CON_OP_10001186
2018/3/12,P,3.4,2018/6/27,0.239,117,CON_OP_10001194
2018/3/12,P,3.5,2018/6/27,0.2163,120,CON_OP_10001202
2018/3/12,P,3.6,2018/6/27,0.2538,124,CON_OP_10001210
2018/3/12,P,2.6,2018/9/26,0.2135,90,CON_OP_10001244
2018/3/12,P,2.65,2018/9/26,0.2121,91,CON_OP_10001245
2018/3/12,P,2.7,2018/9/26,0.2094,93,CON_OP_10001246
2018/3/12,P,2.75,2018/9/26,0.2096,95,CON_OP_10001234
2018/3/12,P,2.8,2018/9/26,0.2099,96,CON_OP_10001232
2018/3/12,P,2.85,2018/9/26,0.2074,98,CON_OP_10001230
2018/3/12,P,2.9,2018/9/26,0.2099,100,CON_OP_10001220
2018/3/12,P,2.95,2018/9/26,0.2133,102,CON_OP_10001221
2018/3/12,P,3,2018/9/26,0.2138,103,CON_OP_10001222
2018/3/12,P,3.1,2018/9/26,0.2173,107,CON_OP_10001223
2018/3/12,P,3.2,2018/9/26,0.225,110,CON_OP_10001224
2018/3/12,P,3.3,2018/9/26,0.2334,114,CON_OP_10001225
2018/3/12,P,3.4,2018/9/26,0.2407,117,CON_OP_10001226
2018/3/12,P,3.5,2018/9/26,0.2572,120,CON_OP_10001227
2018/3/12,P,3.6,2018/9/26,0.2634,124,CON_OP_10001228
